1993.04.04,00:00,1.31610,1.32550,1.31610,1.31740,5
1993.04.11,00:00,1.31770,1.33640,1.31770,1.33140,5
1993.04.18,00:00,1.32660,1.32660,1.31320,1.31320,5
1993.04.25,00:00,1.31890,1.31890,1.30470,1.30470,5
1993.05.02,00:00,1.30420,1.30420,1.29080,1.29490,5
1993.05.09,00:00,1.28980,1.29330,1.28980,1.29320,5
1993.05.16,00:00,1.29140,1.29140,1.27570,1.27570,5
1993.05.23,00:00,1.27630,1.27780,1.26730,1.26730,5
1993.05.30,00:00,1.25210,1.25600,1.25090,1.25600,5
1993.06.06,00:00,1.25260,1.25800,1.24980,1.25230,5
1993.06.13,00:00,1.24290,1.24910,1.24000,1.24910,5
1993.06.20,00:00,1.26140,1.26490,1.24580,1.24810,5
1993.06.27,00:00,1.24370,1.24370,1.23670,1.23670,5
1993.07.04,00:00,1.24400,1.24400,1.22800,1.23820,5
1993.07.11,00:00,1.23700,1.23910,1.23160,1.23910,5
1993.07.18,00:00,1.23630,1.23630,1.22640,1.23250,5
1993.07.25,00:00,1.22860,1.24570,1.22400,1.24570,5
1993.08.01,00:00,1.25560,1.25560,1.23580,1.23700,5
1993.08.08,00:00,1.24290,1.24710,1.22600,1.22600,5
1993.08.15,00:00,1.22670,1.22910,1.21350,1.22040,5
1993.08.22,00:00,1.20980,1.21160,1.20340,1.20340,5
1993.08.29,00:00,1.21540,1.21540,1.19240,1.19240,5
1993.09.05,00:00,1.18770,1.18970,1.17600,1.17600,5
1993.09.12,00:00,1.17940,1.18150,1.16700,1.18150,5
1993.09.19,00:00,1.17660,1.18380,1.17660,1.17910,5
1993.09.26,00:00,1.17400,1.17400,1.17260,1.17400,5
1993.10.03,00:00,1.17400,1.19420,1.17400,1.19420,5
1993.10.10,00:00,1.19630,1.20330,1.19630,1.20330,5
1993.10.17,00:00,1.19590,1.20600,1.19460,1.20260,5
1993.10.24,00:00,1.20410,1.20410,1.19820,1.20000,5
1993.10.31,00:00,1.21480,1.21710,1.21110,1.21110,5
1993.11.07,00:00,1.22520,1.23360,1.21430,1.22360,6155
1993.11.14,00:00,1.22220,1.22620,1.19920,1.20750,10225
1993.11.21,00:00,1.20590,1.21600,1.19870,1.21080,6785
1993.11.28,00:00,1.21180,1.22080,1.20060,1.21610,6125
1993.12.05,00:00,1.21660,1.22030,1.19870,1.20870,9495
1993.12.12,00:00,1.21010,1.21350,1.19490,1.20690,8885
1993.12.19,00:00,1.20600,1.21480,1.19920,1.20990,2731
1994.01.02,00:00,1.21420,1.23580,1.21160,1.23300,9045
1994.01.09,00:00,1.22550,1.24280,1.22210,1.22990,6725
1994.01.16,00:00,1.23220,1.25030,1.23220,1.24070,7615
1994.01.23,00:00,1.23940,1.25230,1.23730,1.24910,8155
1994.01.30,00:00,1.24950,1.25500,1.23870,1.24310,7825
1994.02.06,00:00,1.24690,1.25580,1.24220,1.25110,7885
1994.02.13,00:00,1.24790,1.25090,1.23100,1.24650,8255
1994.02.20,00:00,1.24260,1.25990,1.23790,1.24610,9145
1994.02.27,00:00,1.24520,1.25080,1.22450,1.25080,9695
1994.03.06,00:00,1.25220,1.25350,1.23330,1.24580,8235
1994.03.13,00:00,1.24830,1.25130,1.23230,1.24090,7995
1994.03.20,00:00,1.25030,1.25680,1.22400,1.25390,14115
1994.03.27,00:00,1.25120,1.26120,1.24000,1.25080,9185
1994.04.03,00:00,1.24950,1.27750,1.24050,1.27100,10385
1994.04.10,00:00,1.26840,1.28280,1.26390,1.27430,9325
1994.04.17,00:00,1.27100,1.27380,1.24720,1.25280,9805
1994.04.24,00:00,1.25000,1.25620,1.23330,1.23920,7425
1994.05.01,00:00,1.24090,1.24480,1.22060,1.23960,9965
1994.05.08,00:00,1.23670,1.25030,1.22780,1.23840,7645
1994.05.15,00:00,1.23970,1.24920,1.23330,1.24090,8045
1994.05.22,00:00,1.23980,1.25300,1.23920,1.24750,5185
1994.05.29,00:00,1.24480,1.25000,1.23570,1.24360,6585
1994.06.05,00:00,1.24310,1.25740,1.23520,1.24710,7405
1994.06.12,00:00,1.25030,1.25030,1.23510,1.23970,6365
1994.06.19,00:00,1.24170,1.25420,1.23290,1.23660,9445
1994.06.26,00:00,1.24040,1.24040,1.21610,1.22350,9395
1994.07.03,00:00,1.22320,1.22780,1.19550,1.21510,9015
1994.07.10,00:00,1.21510,1.23360,1.20630,1.22170,8245
1994.07.17,00:00,1.21870,1.23080,1.21220,1.22960,7765
1994.07.24,00:00,1.23200,1.23330,1.22380,1.22800,5155
1994.07.31,00:00,1.22490,1.23100,1.21360,1.22770,6265
1994.08.07,00:00,1.23060,1.24930,1.22210,1.23760,9305
1994.08.14,00:00,1.22770,1.24150,1.22470,1.23240,8865
1994.08.21,00:00,1.23030,1.23600,1.22100,1.23270,6355
1994.08.28,00:00,1.23450,1.23880,1.22380,1.22650,6145
1994.09.04,00:00,1.22470,1.23570,1.21960,1.23450,5755
1994.09.11,00:00,1.23340,1.23680,1.22840,1.23340,4345
1994.09.18,00:00,1.23480,1.23650,1.22150,1.23180,5995
1994.09.25,00:00,1.23380,1.23380,1.22410,1.22900,4975
1994.10.02,00:00,1.22590,1.23230,1.21870,1.22020,5165
1994.10.09,00:00,1.22360,1.22400,1.21060,1.21060,4525
1994.10.16,00:00,1.20460,1.20980,1.19290,1.19580,5885
1994.10.23,00:00,1.19590,1.21390,1.19400,1.20830,6845
1994.10.30,00:00,1.20630,1.21600,1.20010,1.21410,5125
1994.11.06,00:00,1.20900,1.22000,1.20530,1.21390,8255
1994.11.13,00:00,1.21260,1.21640,1.20310,1.21610,7105
1994.11.20,00:00,1.21800,1.22820,1.21560,1.22340,6235
1994.11.27,00:00,1.22330,1.22810,1.20690,1.22340,8265
1994.12.04,00:00,1.22170,1.22560,1.20600,1.21790,8575
1994.12.11,00:00,1.21740,1.22360,1.21160,1.21240,3633
1995.01.01,00:00,1.21300,1.21300,1.19810,1.20310,6085
1995.01.08,00:00,1.19990,1.20530,1.18350,1.18630,8655
1995.01.15,00:00,1.18640,1.20010,1.18150,1.19650,7015
1995.01.22,00:00,1.19720,1.20050,1.18490,1.18730,7875
1995.01.29,00:00,1.18830,1.19070,1.17650,1.18030,6655
1995.02.05,00:00,1.17950,1.19140,1.17170,1.17340,6655
1995.02.12,00:00,1.17650,1.17970,1.16530,1.17020,6195
1995.02.19,00:00,1.16890,1.17360,1.15890,1.16680,6845
1995.02.26,00:00,1.16650,1.17030,1.15100,1.15210,7495
1995.03.05,00:00,1.15180,1.15720,1.13660,1.15140,7885
1995.03.12,00:00,1.15170,1.15320,1.13090,1.13600,8275
1995.03.19,00:00,1.13160,1.13250,1.11600,1.12110,5845
1995.03.26,00:00,1.11970,1.12820,1.11210,1.12190,8615
1995.04.02,00:00,1.11940,1.12910,1.11470,1.11880,5905
1995.04.09,00:00,1.11620,1.12110,1.09540,1.10230,8505
1995.04.16,00:00,1.10170,1.10650,1.08290,1.08290,7085
1995.04.23,00:00,1.08430,1.09350,1.07430,1.08320,9905
1995.04.30,00:00,1.08400,1.10090,1.07440,1.10090,7855
1995.05.07,00:00,1.09700,1.12260,1.07480,1.11760,11065
1995.05.14,00:00,1.11230,1.11930,1.08250,1.09010,10895
1995.05.21,00:00,1.08930,1.09630,1.07400,1.07700,7725
1995.05.28,00:00,1.07470,1.08750,1.06760,1.07070,10255
1995.06.04,00:00,1.07210,1.08600,1.06570,1.07810,7865
1995.06.11,00:00,1.07630,1.09050,1.07130,1.08660,8775
1995.06.18,00:00,1.08380,1.08560,1.06780,1.07480,8995
1995.06.25,00:00,1.07210,1.07930,1.05940,1.06050,8355
1995.07.02,00:00,1.05970,1.06180,1.04950,1.05630,6615
1995.07.09,00:00,1.05740,1.09460,1.05690,1.08090,9375
1995.07.16,00:00,1.08010,1.09120,1.07840,1.08870,6815
1995.07.23,00:00,1.08890,1.10190,1.08740,1.09440,5925
1995.07.30,00:00,1.09360,1.11020,1.09240,1.10950,6995
1995.08.06,00:00,1.10730,1.12850,1.10580,1.12220,7945
1995.08.13,00:00,1.12390,1.13940,1.11430,1.13610,9605
1995.08.20,00:00,1.13530,1.15430,1.12910,1.14280,9525
1995.08.27,00:00,1.14110,1.17070,1.13460,1.14960,8535
1995.09.03,00:00,1.14610,1.16090,1.14510,1.15540,7025
1995.09.10,00:00,1.15340,1.17060,1.15220,1.15550,7155
1995.09.17,00:00,1.15870,1.16010,1.12380,1.12650,11375
1995.09.24,00:00,1.12970,1.15520,1.12700,1.14930,9345
1995.10.01,00:00,1.15020,1.17620,1.14320,1.14890,13005
1995.10.08,00:00,1.15420,1.16090,1.14370,1.14810,8895
1995.10.15,00:00,1.14550,1.15920,1.13380,1.13540,12265
1995.10.22,00:00,1.13370,1.15230,1.12770,1.14850,9315
1995.10.29,00:00,1.15400,1.16600,1.14210,1.16010,10365
1995.11.05,00:00,1.16030,1.16030,1.12510,1.12930,8075
1995.11.12,00:00,1.13160,1.14630,1.12960,1.14600,6365
1995.11.19,00:00,1.14150,1.14640,1.12180,1.13510,10375
1995.11.26,00:00,1.13650,1.14690,1.13080,1.13640,3585
1995.12.03,00:00,1.13910,1.14230,1.13910,1.14090,125
1995.12.10,00:00,1.13980,1.14740,1.13980,1.14470,3
1995.12.31,00:00,1.13690,1.13960,1.13010,1.13760,5
1996.01.07,00:00,1.13490,1.13540,1.12210,1.12210,5
1996.01.14,00:00,1.12020,1.12140,1.10940,1.10940,5
1996.01.21,00:00,1.10560,1.11300,1.10510,1.10510,5
1996.01.28,00:00,1.10810,1.11950,1.10710,1.11950,5
1996.02.04,00:00,1.11710,1.12540,1.11710,1.11940,5
1996.02.11,00:00,1.12260,1.12260,1.11260,1.11260,5
1996.02.18,00:00,1.10490,1.11970,1.10490,1.11820,665
1996.02.25,00:00,1.11760,1.13640,1.11730,1.13040,2215
1996.03.03,00:00,1.12920,1.13440,1.12610,1.13400,2305
1996.03.10,00:00,1.13560,1.13810,1.12060,1.12200,3805
1996.03.17,00:00,1.13030,1.13730,1.12760,1.12880,1705
1996.03.24,00:00,1.12500,1.15090,1.12330,1.14980,1825
1996.03.31,00:00,1.14400,1.14840,1.14380,1.14840,605
1996.04.07,00:00,1.15050,1.16990,1.14960,1.16690,5185
1996.04.14,00:00,1.16850,1.16960,1.14170,1.14460,3085
1996.04.21,00:00,1.14700,1.15970,1.14300,1.15780,3935
1996.04.28,00:00,1.15390,1.15640,1.14380,1.15300,2895
1996.05.05,00:00,1.15360,1.16230,1.15340,1.16230,1425
1996.05.12,00:00,1.16500,1.16720,1.16040,1.16440,425
1996.05.19,00:00,1.16310,1.16360,1.15860,1.16070,645
1996.05.26,00:00,1.15790,1.17030,1.15690,1.17030,1155
1996.06.02,00:00,1.17660,1.17890,1.17420,1.17540,5
1996.06.09,00:00,1.18220,1.18220,1.17320,1.17560,295
1996.06.16,00:00,1.17200,1.17370,1.15940,1.16100,2855
1996.06.23,00:00,1.16100,1.16720,1.15930,1.15990,1115
1996.06.30,00:00,1.14580,1.15570,1.14400,1.15570,4
1996.07.07,00:00,1.15300,1.16060,1.15300,1.15980,5
1996.07.14,00:00,1.15990,1.15990,1.13900,1.15090,2315
1996.07.21,00:00,1.15060,1.15500,1.14330,1.14480,2685
1996.07.28,00:00,1.14480,1.14740,1.12980,1.12980,1595
1996.08.04,00:00,1.13260,1.13330,1.12780,1.13170,5
1996.08.11,00:00,1.13380,1.13960,1.13380,1.13760,5
1996.08.18,00:00,1.14470,1.14610,1.14080,1.14080,5
1996.08.25,00:00,1.14040,1.14420,1.13860,1.14420,5
1996.09.01,00:00,1.14650,1.14810,1.14280,1.14810,5
1996.09.08,00:00,1.14980,1.15280,1.14070,1.14070,5
1996.09.15,00:00,1.13450,1.13450,1.12500,1.13150,5
1996.09.22,00:00,1.13430,1.13430,1.12770,1.12820,5
1996.09.29,00:00,1.12730,1.14410,1.12730,1.12880,1625
1996.10.06,00:00,1.13960,1.14470,1.13560,1.14220,2245
1996.10.13,00:00,1.13020,1.14030,1.13020,1.13290,2805
1996.10.20,00:00,1.14010,1.14020,1.11800,1.13080,1845
1996.10.27,00:00,1.12430,1.13830,1.12040,1.12660,6015
1996.11.03,00:00,1.13360,1.13860,1.10780,1.11430,4975
1996.11.10,00:00,1.13270,1.13520,1.11110,1.11960,3555
1996.11.17,00:00,1.11660,1.15910,1.11630,1.15910,10505
1996.11.24,00:00,1.13620,1.16610,1.12430,1.16610,12235
1996.12.01,00:00,1.13950,1.17690,1.12160,1.13750,13145
1996.12.08,00:00,1.13610,1.15660,1.12680,1.13920,3295
1996.12.29,00:00,1.12550,1.13790,1.11580,1.11650,2283
1997.01.05,00:00,1.11450,1.12380,1.09800,1.09800,4815
1997.01.12,00:00,1.10930,1.12220,1.09930,1.09930,1525
1997.01.19,00:00,1.10410,1.12020,1.05210,1.11380,15905
1997.01.26,00:00,1.11860,1.11920,1.09650,1.10320,7325
1997.02.02,00:00,1.10760,1.12210,1.09590,1.12210,6105
1997.02.09,00:00,1.10980,1.11920,1.08650,1.10140,15525
1997.02.16,00:00,1.09830,1.12850,1.09830,1.12850,10185
1997.02.23,00:00,1.11610,1.13350,1.11110,1.12050,11785
1997.03.02,00:00,1.12250,1.13760,1.11390,1.13340,11955
1997.03.09,00:00,1.13080,1.14500,1.11980,1.14360,10485
1997.03.16,00:00,1.14150,1.14390,1.12690,1.13440,5965
1997.03.23,00:00,1.13200,1.13690,1.12140,1.12760,5465
1997.03.30,00:00,1.12800,1.13280,1.11600,1.12030,4975
1997.04.06,00:00,1.11460,1.13720,1.10940,1.13170,11525
1997.04.13,00:00,1.12880,1.13410,1.10880,1.11740,12605
1997.04.20,00:00,1.12420,1.12420,1.11220,1.12120,8165
1997.04.27,00:00,1.12020,1.13950,1.11130,1.13430,8135
1997.05.04,00:00,1.13170,1.14110,1.11850,1.13020,11965
1997.05.11,00:00,1.12080,1.13470,1.11120,1.11900,7385
1997.05.18,00:00,1.11710,1.12880,1.11070,1.11070,1115
1997.05.25,00:00,1.10320,1.11210,1.09790,1.10910,5175
1997.06.01,00:00,1.10130,1.10280,1.08770,1.10210,3605
1997.06.08,00:00,1.10220,1.10330,1.07990,1.08970,5635
1997.06.15,00:00,1.09040,1.10970,1.02850,1.10620,15145
1997.06.22,00:00,1.11220,1.11730,1.07620,1.09550,11455
1997.06.29,00:00,1.07220,1.12190,1.04900,1.10470,31025
1997.07.06,00:00,1.07560,1.12450,1.06610,1.09980,37995
1997.07.13,00:00,1.11130,1.14100,1.05260,1.13780,20365
1997.07.20,00:00,1.13810,1.15070,1.11950,1.13280,11235
1997.07.27,00:00,1.13570,1.15000,1.12830,1.14800,7825
1997.08.03,00:00,1.13600,1.14130,1.12050,1.13470,7155
1997.08.10,00:00,1.13200,1.16430,1.12830,1.15920,8525
1997.08.17,00:00,1.15240,1.16770,1.15240,1.15790,5
1997.08.24,00:00,1.15520,1.16690,1.13220,1.13220,9135
1997.08.31,00:00,1.15150,1.15150,1.11650,1.14250,6915
1997.09.07,00:00,1.12290,1.14850,1.10710,1.12480,7075
1997.09.14,00:00,1.11020,1.13880,1.09460,1.12360,7925
1997.09.21,00:00,1.13340,1.13450,1.10770,1.13000,6625
1997.09.28,00:00,1.10830,1.13610,1.10400,1.13540,8335
1997.10.05,00:00,1.12800,1.14920,1.12530,1.14410,4495
1997.10.12,00:00,1.15150,1.15510,1.14150,1.14290,4395
1997.10.19,00:00,1.14000,1.15200,1.11290,1.11290,17095
1997.10.26,00:00,1.11270,1.15840,1.09170,1.12750,30995
1997.11.02,00:00,1.13040,1.15000,1.10520,1.11200,20265
1997.11.09,00:00,1.11310,1.12190,1.10360,1.11480,14065
1997.11.16,00:00,1.11180,1.12330,1.10000,1.11280,13364
1997.11.23,00:00,1.11450,1.12010,1.09750,1.10430,10934
1997.11.30,00:00,1.10750,1.12780,1.10530,1.11190,15545
1997.12.07,00:00,1.11680,1.13260,1.10370,1.11330,15115
1997.12.28,00:00,1.12100,1.12900,1.11800,1.12700,222
1998.01.04,00:00,1.12590,1.14360,1.10710,1.12940,2254
1998.01.11,00:00,1.12970,1.14400,1.11560,1.13120,1660
1998.01.18,00:00,1.13280,1.15650,1.12370,1.13710,1154
1998.01.25,00:00,1.13910,1.17920,1.12820,1.16890,1624
1998.02.01,00:00,1.15890,1.16920,1.14380,1.15370,1479
1998.02.08,00:00,1.15200,1.16410,1.14810,1.15460,712
1998.02.15,00:00,1.15530,1.16270,1.14710,1.16270,802
1998.02.22,00:00,1.15840,1.16760,1.15010,1.15970,856
1998.03.01,00:00,1.16150,1.16400,1.15000,1.15510,687
1998.03.08,00:00,1.15590,1.17210,1.14330,1.15440,1557
1998.03.15,00:00,1.14690,1.19970,1.14200,1.18070,1920
1998.03.22,00:00,1.18110,1.20450,1.17710,1.19670,1044
1998.03.29,00:00,1.20120,1.20880,1.18670,1.18950,1295
1998.04.05,00:00,1.19270,1.21980,1.17500,1.17950,1539
1998.04.12,00:00,1.18730,1.19020,1.15380,1.16850,1569
1998.04.19,00:00,1.17000,1.17390,1.15510,1.16280,1030
1998.04.26,00:00,1.16910,1.17790,1.16390,1.17130,636
1998.05.03,00:00,1.17220,1.17720,1.15390,1.16960,1341
1998.05.10,00:00,1.17070,1.18320,1.16790,1.17210,584
1998.05.17,00:00,1.17260,1.19190,1.16530,1.17390,390
1998.05.24,00:00,1.16220,1.18170,1.16040,1.16710,646
1998.05.31,00:00,1.17480,1.17480,1.14330,1.15700,366
1998.06.07,00:00,1.17730,1.18040,1.17700,1.17800,57
1998.06.14,00:00,1.18010,1.19060,1.17000,1.17670,607
1998.06.21,00:00,1.18080,1.18980,1.16780,1.18300,182
1998.06.28,00:00,1.16640,1.19410,1.16640,1.19410,251
1998.07.05,00:00,1.19550,1.20990,1.17990,1.19400,740
1998.07.12,00:00,1.17540,1.21450,1.16790,1.19160,978
1998.07.19,00:00,1.18430,1.20130,1.17130,1.18360,975
1998.07.26,00:00,1.19450,1.19450,1.14900,1.18610,1152
1998.08.02,00:00,1.18470,1.18570,1.13620,1.16000,772
1998.08.09,00:00,1.14300,1.18980,1.14300,1.17870,1033
1998.08.16,00:00,1.17950,1.18940,1.17430,1.18130,830
1998.08.23,00:00,1.17870,1.18010,1.13050,1.14780,547
1998.08.30,00:00,1.15430,1.19310,1.14520,1.17770,1333
1998.09.06,00:00,1.19250,1.20320,1.15190,1.15190,1482
1998.09.13,00:00,1.20870,1.20870,1.16120,1.16120,1992
1998.09.20,00:00,1.15720,1.18410,1.14590,1.16930,927
1998.09.27,00:00,1.18740,1.20760,1.15950,1.18330,1743
1998.10.04,00:00,1.18430,1.25150,1.16610,1.20500,2915
1998.10.11,00:00,1.16500,1.18660,1.15690,1.18370,5
1998.10.18,00:00,1.18440,1.24000,1.18090,1.18130,613
1998.10.25,00:00,1.18130,1.23820,1.15950,1.18040,3117
1998.11.01,00:00,1.17760,1.25370,1.17760,1.18050,3012
1998.11.08,00:00,1.25880,1.26420,1.18470,1.19580,4936
1998.11.15,00:00,1.18730,1.27970,1.18030,1.20460,4259
1998.11.22,00:00,1.19800,1.27470,1.19620,1.19620,2237
1998.11.29,00:00,1.25780,1.25980,1.18000,1.18560,3063
1998.12.06,00:00,1.18410,1.23760,1.15750,1.17870,3900
1998.12.13,00:00,1.18620,1.18790,1.18620,1.18790,2
1998.12.27,00:00,1.15280,1.15280,1.15280,1.15280,1
1999.01.03,00:00,1.23760,1.23760,1.15770,1.17370,1435
1999.01.10,00:00,1.17200,1.19330,1.16990,1.17200,610
1999.01.17,00:00,1.18060,1.19870,1.17980,1.18060,323
1999.01.24,00:00,1.17860,1.17860,1.16660,1.17010,100
1999.01.31,00:00,1.16900,1.19770,1.16280,1.18690,959
1999.02.07,00:00,1.16850,1.19790,1.16850,1.17500,676
1999.02.14,00:00,1.18380,1.19030,1.16770,1.17470,398
1999.02.21,00:00,1.18070,1.20070,1.14890,1.16540,542
1999.02.28,00:00,1.18500,1.18680,1.13930,1.18310,2068
1999.03.07,00:00,1.18430,1.18920,1.15720,1.18070,1050
1999.03.14,00:00,1.18740,1.19710,1.15220,1.15510,1613
1999.03.21,00:00,1.18400,1.20520,1.16940,1.18660,1124
1999.03.28,00:00,1.16750,1.18560,1.15370,1.18560,587
1999.04.04,00:00,1.18840,1.19410,1.15280,1.16550,1431
1999.04.11,00:00,1.16670,1.18390,1.15550,1.17220,586
1999.04.18,00:00,1.16650,1.20010,1.16650,1.19340,1066
1999.04.25,00:00,1.18250,1.20010,1.17950,1.18970,313
1999.05.02,00:00,1.21410,1.22070,1.17660,1.19290,1952
1999.05.09,00:00,1.19050,1.23670,1.18950,1.20910,992
1999.05.16,00:00,1.19180,1.20860,1.18520,1.20800,262
1999.05.23,00:00,1.21090,1.21720,1.20470,1.21390,293
1999.05.30,00:00,1.21510,1.22500,1.18430,1.21330,1417
1999.06.06,00:00,1.23140,1.24720,1.19220,1.22620,1309
1999.06.13,00:00,1.22590,1.23970,1.22080,1.23820,671
1999.06.20,00:00,1.23000,1.24060,1.21210,1.22220,664
1999.06.27,00:00,1.22720,1.25350,1.21750,1.24510,1146
1999.07.04,00:00,1.25290,1.26940,1.25160,1.26210,342
1999.07.11,00:00,1.26230,1.26750,1.25790,1.26150,381
1999.07.18,00:00,1.25930,1.26230,1.22180,1.24250,987
1999.07.25,00:00,1.24250,1.24250,1.22880,1.23200,85
1999.08.01,00:00,1.23190,1.24250,1.22470,1.23380,80
1999.08.08,00:00,1.23750,1.23750,1.22890,1.22890,5
1999.08.15,00:00,1.22910,1.24250,1.20180,1.20180,233
1999.08.22,00:00,1.20080,1.24250,1.20080,1.23150,103
1999.08.29,00:00,1.23340,1.24660,1.23340,1.24660,5
1999.09.05,00:00,1.24370,1.24370,1.22280,1.22280,139
1999.09.12,00:00,1.22440,1.24240,1.22440,1.23410,48
1999.09.19,00:00,1.23360,1.25650,1.22820,1.25650,112
1999.09.26,00:00,1.26520,1.27240,1.26100,1.26710,5
1999.10.03,00:00,1.26860,1.27610,1.26310,1.27610,5
1999.10.10,00:00,1.26880,1.27270,1.26740,1.27070,5
1999.10.17,00:00,1.26620,1.26830,1.26100,1.26430,5
1999.10.24,00:00,1.26020,1.26710,1.25610,1.25610,5
1999.10.31,00:00,1.25310,1.25580,1.24170,1.24170,5
1999.11.07,00:00,1.24860,1.25240,1.24860,1.25130,22
1999.11.14,00:00,1.24750,1.24750,1.23770,1.24680,182
1999.11.21,00:00,1.24450,1.24950,1.23820,1.24220,161
1999.11.28,00:00,1.24230,1.24830,1.24230,1.24720,83
1999.12.05,00:00,1.25480,1.26460,1.25170,1.26460,125
1999.12.12,00:00,1.26230,1.28300,1.26230,1.28300,416
2000.01.02,00:00,1.24750,1.27230,1.24750,1.27100,150
2000.01.09,00:00,1.27230,1.27570,1.27070,1.27570,73
2000.01.16,00:00,1.27230,1.28150,1.27230,1.28150,344
2000.01.23,00:00,1.27180,1.30270,1.27180,1.30270,346
2000.01.30,00:00,1.29110,1.30230,1.27700,1.28500,722
2000.02.06,00:00,1.28680,1.28680,1.27970,1.27970,95
2000.02.13,00:00,1.28030,1.28950,1.28030,1.28710,189
2000.02.20,00:00,1.28380,1.28380,1.26700,1.26700,108
2000.02.27,00:00,1.26850,1.26850,1.25480,1.25480,316
2000.03.05,00:00,1.26850,1.26850,1.23730,1.24120,759
2000.03.12,00:00,1.23730,1.25450,1.23730,1.24850,156
2000.03.19,00:00,1.24850,1.25010,1.24250,1.24280,97
2000.03.26,00:00,1.24570,1.25900,1.21800,1.22140,1069
2000.04.02,00:00,1.22370,1.22370,1.21410,1.21410,352
2000.04.09,00:00,1.22370,1.22370,1.19780,1.19890,421
2000.04.16,00:00,1.19780,1.20010,1.19580,1.19580,50
2000.04.23,00:00,1.19580,1.20170,1.19580,1.20100,173
2000.04.30,00:00,1.20400,1.20910,1.20200,1.20910,55
2000.05.07,00:00,1.20880,1.21230,1.20640,1.21060,120
2000.05.14,00:00,1.20880,1.27530,1.20880,1.25850,2541
2000.05.21,00:00,1.20880,1.26940,1.20880,1.25580,2188
2000.05.28,00:00,1.25220,1.26240,1.21350,1.24880,1737
2000.06.04,00:00,1.23970,1.27800,1.21710,1.25220,2588
2000.06.11,00:00,1.26000,1.29010,1.25050,1.27630,1183
2000.06.18,00:00,1.28360,1.28360,1.25930,1.26910,517
2000.06.25,00:00,1.28040,1.31030,1.26000,1.27780,1317
2000.07.02,00:00,1.27570,1.30260,1.26850,1.28030,1393
2000.07.09,00:00,1.28180,1.29160,1.26700,1.26880,921
2000.07.16,00:00,1.27130,1.28010,1.25680,1.26070,691
2000.07.23,00:00,1.27050,1.27850,1.26770,1.27850,455
2000.07.30,00:00,1.27050,1.28870,1.26930,1.28390,724
2000.08.06,00:00,1.28570,1.29420,1.27050,1.28940,1972
2000.08.13,00:00,1.29240,1.31430,1.27050,1.29180,2512
2000.08.20,00:00,1.32120,1.34850,1.27050,1.31310,3054
2000.08.27,00:00,1.31940,1.36430,1.27050,1.36130,2745
2000.09.03,00:00,1.35390,1.35600,1.27050,1.33220,4266
2000.09.10,00:00,1.27050,1.31980,1.27050,1.30960,2772
2000.09.17,00:00,1.30630,1.34650,1.25330,1.33620,2887
2000.09.24,00:00,1.30660,1.34430,1.27050,1.32870,2537
2000.10.01,00:00,1.33050,1.34100,1.32110,1.32800,733
2000.10.08,00:00,1.33000,1.33780,1.27640,1.32680,2617
2000.10.15,00:00,1.32480,1.33430,1.31130,1.31400,1023
2000.10.22,00:00,1.31050,1.32310,1.29220,1.29530,822
2000.10.29,00:00,1.29690,1.33120,1.29010,1.30660,1109
2000.11.05,00:00,1.31820,1.32830,1.31440,1.31860,489
2000.11.12,00:00,1.31580,1.31930,1.29140,1.29420,254
2000.11.19,00:00,1.29520,1.31120,1.28900,1.30910,820
2000.11.26,00:00,1.30220,1.32870,1.28390,1.29260,927
2000.12.03,00:00,1.27930,1.28720,1.27290,1.28280,616
2000.12.10,00:00,1.27720,1.28720,1.27470,1.28240,199
2000.12.31,00:00,1.25840,1.28080,1.25270,1.26590,1338
2001.01.07,00:00,1.26940,1.28480,1.24020,1.24280,886
2001.01.14,00:00,1.24390,1.24940,1.24210,1.24480,134
2001.01.21,00:00,1.24300,1.25710,1.23510,1.25380,593
2001.01.28,00:00,1.24560,1.25300,1.23170,1.23510,621
2001.02.04,00:00,1.23610,1.24620,1.23290,1.23640,444
2001.02.11,00:00,1.23710,1.23890,1.22370,1.23170,651
2001.02.18,00:00,1.22950,1.23270,1.21300,1.21660,648
2001.02.25,00:00,1.20400,1.22460,1.20400,1.21420,510
2001.03.04,00:00,1.21410,1.21670,1.19390,1.20650,750
2001.03.11,00:00,1.20910,1.21710,1.19540,1.20000,832
2001.03.18,00:00,1.18780,1.19960,1.18220,1.19190,747
2001.03.25,00:00,1.19460,1.21520,1.19120,1.21190,567
2001.04.01,00:00,1.21460,1.21460,1.20340,1.20460,4
2001.04.08,00:00,1.22150,1.24710,1.22150,1.24710,5
2001.04.15,00:00,1.24390,1.25700,1.24050,1.25410,190
2001.04.22,00:00,1.25040,1.25120,1.22950,1.24270,555
2001.04.29,00:00,1.24030,1.24430,1.22780,1.22780,145
2001.05.06,00:00,1.23140,1.23420,1.23080,1.23420,5
2001.05.13,00:00,1.23710,1.24260,1.23710,1.23760,5
2001.05.20,00:00,1.23580,1.23580,1.22620,1.23020,5
2001.05.27,00:00,1.22190,1.23500,1.22190,1.23500,38
2001.06.03,00:00,1.23650,1.25400,1.23540,1.24890,500
2001.06.10,00:00,1.25280,1.26370,1.24750,1.26070,603
2001.06.17,00:00,1.26300,1.26630,1.25100,1.25150,415
2001.06.24,00:00,1.25180,1.25730,1.24110,1.25390,325
2001.07.01,00:00,1.25740,1.27910,1.25370,1.26980,457
2001.07.08,00:00,1.25110,1.25730,1.24340,1.24470,487
2001.07.15,00:00,1.25300,1.25440,1.23800,1.24150,472
2001.07.22,00:00,1.23930,1.24390,1.23040,1.23440,306
2001.07.29,00:00,1.22810,1.24240,1.22560,1.23500,521
2001.08.05,00:00,1.23690,1.24060,1.20150,1.21070,667
2001.08.12,00:00,1.20700,1.21910,1.20700,1.21430,543
2001.08.19,00:00,1.22060,1.22340,1.20810,1.20890,652
2001.08.26,00:00,1.20820,1.21210,1.19860,1.20640,550
2001.09.02,00:00,1.20370,1.21260,1.19630,1.20140,618
2001.09.09,00:00,1.19390,1.21890,1.18760,1.21500,840
2001.09.16,00:00,1.21810,1.23550,1.19160,1.20150,1133
2001.09.23,00:00,1.20340,1.22520,1.20200,1.21380,823
2001.09.30,00:00,1.21980,1.22860,1.21190,1.21960,825
2001.10.07,00:00,1.22330,1.22370,1.20490,1.20750,562
2001.10.14,00:00,1.21810,1.22700,1.21380,1.21880,690
2001.10.21,00:00,1.22000,1.22300,1.21000,1.21890,434
2001.10.28,00:00,1.21750,1.23140,1.21490,1.22440,664
2001.11.04,00:00,1.22320,1.23200,1.21990,1.22580,620
2001.11.11,00:00,1.22680,1.24790,1.22520,1.24550,587
2001.11.18,00:00,1.25700,1.26210,1.24920,1.26050,476
2001.11.25,00:00,1.25900,1.26370,1.25250,1.25590,610
2001.12.02,00:00,1.25350,1.25490,1.24150,1.24410,543
2001.12.09,00:00,1.24310,1.24410,1.22920,1.23800,593
2001.12.30,00:00,1.22410,1.23080,1.20470,1.20700,742
2002.01.06,00:00,1.21240,1.23080,1.20780,1.22620,620
2002.01.13,00:00,1.22540,1.22850,1.21750,1.21960,368
2002.01.20,00:00,1.21420,1.21750,1.20400,1.21550,450
2002.01.27,00:00,1.21330,1.22750,1.21120,1.21670,629
2002.02.03,00:00,1.22140,1.22460,1.21470,1.22200,499
2002.02.10,00:00,1.22130,1.22970,1.21010,1.22810,725
2002.02.17,00:00,1.22330,1.23490,1.22230,1.22920,362
2002.02.24,00:00,1.23140,1.23160,1.22350,1.22530,258
2002.03.03,00:00,1.22180,1.22510,1.21490,1.21920,434
2002.03.10,00:00,1.21730,1.22000,1.20830,1.20950,387
2002.03.17,00:00,1.20350,1.21590,1.20180,1.20650,483
2002.03.24,00:00,1.21130,1.21450,1.20490,1.21120,679
2002.03.31,00:00,1.20900,1.21550,1.20360,1.21090,768
2002.04.07,00:00,1.21210,1.22010,1.20450,1.20790,701
2002.04.14,00:00,1.20780,1.21290,1.20250,1.20550,670
2002.04.21,00:00,1.20600,1.22020,1.20420,1.20590,554
2002.04.28,00:00,1.20550,1.20890,1.18940,1.20180,952
2002.05.05,00:00,1.20440,1.20810,1.19880,1.20230,612
2002.05.12,00:00,1.20210,1.20440,1.18720,1.18990,590
2002.05.19,00:00,1.19180,1.19340,1.17170,1.17960,1020
2002.05.26,00:00,1.18160,1.19010,1.17330,1.18360,976
2002.06.02,00:00,1.17930,1.18180,1.16480,1.16990,796
2002.06.09,00:00,1.16640,1.17380,1.14030,1.16050,1306
2002.06.16,00:00,1.15800,1.16510,1.14710,1.15240,918
2002.06.23,00:00,1.15480,1.16970,1.14280,1.15770,1553
2002.06.30,00:00,1.15680,1.15900,1.14330,1.14630,642
2002.07.07,00:00,1.14620,1.16360,1.14620,1.15530,607
2002.07.14,00:00,1.14950,1.15700,1.13760,1.13940,717
2002.07.21,00:00,1.14240,1.16310,1.13700,1.16200,768
2002.07.28,00:00,1.15450,1.16960,1.15450,1.16250,441
2002.08.04,00:00,1.16150,1.17970,1.15210,1.17110,614
2002.08.11,00:00,1.16800,1.17660,1.16160,1.16510,564
2002.08.18,00:00,1.16660,1.16800,1.15610,1.16290,515
2002.08.25,00:00,1.16460,1.18000,1.15810,1.17660,649
2002.09.01,00:00,1.17470,1.17720,1.16270,1.16480,467
2002.09.08,00:00,1.16320,1.17030,1.15850,1.16170,485
2002.09.15,00:00,1.16180,1.17380,1.16000,1.16160,478
2002.09.22,00:00,1.15890,1.16310,1.15270,1.15910,508
2002.09.29,00:00,1.15660,1.16050,1.14320,1.14570,451
2002.10.06,00:00,1.13910,1.14630,1.13490,1.14200,316
2002.10.13,00:00,1.13850,1.14740,1.13830,1.14350,469
2002.10.20,00:00,1.14270,1.15040,1.13930,1.14120,345
2002.10.27,00:00,1.13730,1.14590,1.13730,1.14120,339
2002.11.03,00:00,1.14200,1.14460,1.12990,1.13460,413
2002.11.10,00:00,1.13850,1.14230,1.12290,1.12750,403
2002.11.17,00:00,1.12630,1.13280,1.11480,1.11660,349
2002.11.24,00:00,1.12060,1.13390,1.12060,1.12610,284
2002.12.01,00:00,1.12550,1.12620,1.11600,1.11910,361
2002.12.08,00:00,1.11990,1.12150,1.10530,1.10820,307
2002.12.29,00:00,1.07150,1.08020,1.06800,1.07410,398
2003.01.05,00:00,1.07700,1.08820,1.07460,1.08500,800
2003.01.12,00:00,1.08360,1.08920,1.07020,1.07190,736
2003.01.19,00:00,1.07220,1.08700,1.06660,1.07570,808
2003.01.26,00:00,1.07900,1.08210,1.07190,1.07690,653
2003.02.02,00:00,1.07730,1.08050,1.07040,1.07350,629
2003.02.09,00:00,1.07410,1.08390,1.06950,1.07020,686
2003.02.16,00:00,1.07280,1.07790,1.06520,1.06920,665
2003.02.23,00:00,1.06950,1.09210,1.06250,1.08660,883
2003.03.02,00:00,1.08740,1.09850,1.08340,1.09040,867
2003.03.09,00:00,1.08840,1.10170,1.07930,1.08450,946
2003.03.16,00:00,1.08650,1.09150,1.07020,1.07400,856
2003.03.23,00:00,1.07080,1.09780,1.07080,1.09040,680
2003.03.30,00:00,1.08950,1.11550,1.08430,1.11160,906
2003.04.06,00:00,1.11340,1.11820,1.09900,1.10830,813
2003.04.13,00:00,1.10860,1.11340,1.09080,1.10360,1019
2003.04.20,00:00,1.10370,1.12110,1.09930,1.11150,732
2003.04.27,00:00,1.10880,1.12740,1.10820,1.11870,769
2003.05.04,00:00,1.11870,1.12630,1.11160,1.11860,739
2003.05.11,00:00,1.11680,1.12830,1.11510,1.12440,741
2003.05.18,00:00,1.12350,1.13430,1.11880,1.12930,767
2003.05.25,00:00,1.12710,1.13620,1.12320,1.13360,813
2003.06.01,00:00,1.13110,1.15830,1.12650,1.13950,1201
2003.06.08,00:00,1.14240,1.15360,1.13800,1.15210,843
2003.06.15,00:00,1.15040,1.15300,1.13860,1.14530,795
2003.06.22,00:00,1.14470,1.14930,1.12960,1.14660,949
2003.06.29,00:00,1.14390,1.14930,1.13520,1.14800,862
2003.07.06,00:00,1.14220,1.14430,1.10290,1.11440,1624
2003.07.13,00:00,1.11430,1.14030,1.11090,1.12480,1070
2003.07.20,00:00,1.12780,1.14340,1.12460,1.12910,881
2003.07.27,00:00,1.13180,1.13260,1.11200,1.11450,993
2003.08.03,00:00,1.11580,1.12600,1.10700,1.12160,1026
2003.08.10,00:00,1.12220,1.12750,1.11360,1.11830,836
2003.08.17,00:00,1.11840,1.12840,1.11150,1.11420,824
2003.08.24,00:00,1.11530,1.12920,1.11310,1.11980,740
2003.08.31,00:00,1.12170,1.14200,1.11530,1.12320,1035
2003.09.07,00:00,1.12390,1.13980,1.12030,1.13780,778
2003.09.14,00:00,1.13570,1.14670,1.13030,1.13540,725
2003.09.21,00:00,1.13580,1.14990,1.13480,1.14820,855
2003.09.28,00:00,1.14510,1.14990,1.13740,1.14570,919
2003.10.05,00:00,1.14350,1.15870,1.13980,1.15390,834
2003.10.12,00:00,1.15260,1.16340,1.14890,1.16020,859
2003.10.19,00:00,1.16180,1.16760,1.14400,1.14830,946
2003.10.26,00:00,1.15040,1.16000,1.14670,1.15420,807
2003.11.02,00:00,1.15310,1.15850,1.14310,1.15090,881
2003.11.09,00:00,1.15040,1.15500,1.13870,1.14090,737
2003.11.16,00:00,1.14090,1.14460,1.11910,1.12610,1033
2003.11.23,00:00,1.12810,1.15010,1.11760,1.13200,1446
2003.11.30,00:00,1.12960,1.15470,1.12690,1.14260,1515
2003.12.07,00:00,1.14360,1.14880,1.13720,1.14690,715
2003.12.14,00:00,1.14590,1.14770,1.14060,1.14680,134
2003.12.28,00:00,1.14590,1.15400,1.14180,1.15070,327
2004.01.04,00:00,1.14980,1.15480,1.13620,1.13900,763
2004.01.11,00:00,1.13930,1.15250,1.13200,1.14770,862
2004.01.18,00:00,1.15010,1.15650,1.14500,1.14750,807
2004.01.25,00:00,1.14890,1.15370,1.13290,1.13380,981
2004.02.01,00:00,1.13410,1.15640,1.10790,1.10920,1512
2004.02.08,00:00,1.11250,1.13540,1.10990,1.12800,828
2004.02.15,00:00,1.12610,1.13550,1.11770,1.12760,841
2004.02.22,00:00,1.12920,1.13480,1.11670,1.12580,668
2004.02.29,00:00,1.12540,1.12990,1.11450,1.12550,878
2004.03.07,00:00,1.12550,1.14650,1.11620,1.13900,1132
2004.03.14,00:00,1.13860,1.14590,1.13110,1.14080,824
2004.03.21,00:00,1.14150,1.15110,1.13400,1.14470,827
2004.03.28,00:00,1.14740,1.15510,1.14040,1.15060,792
2004.04.04,00:00,1.14970,1.16510,1.14810,1.15600,752
2004.04.11,00:00,1.15600,1.16570,1.15230,1.16320,764
2004.04.18,00:00,1.16250,1.17920,1.15650,1.16660,835
2004.04.25,00:00,1.16590,1.16880,1.15020,1.15270,658
2004.05.02,00:00,1.15330,1.15680,1.13480,1.13790,780
2004.05.09,00:00,1.13810,1.15280,1.13440,1.14400,866
2004.05.16,00:00,1.14290,1.15350,1.13820,1.14770,832
2004.05.23,00:00,1.14630,1.14920,1.12730,1.12940,737
2004.05.30,00:00,1.13140,1.13590,1.10850,1.11880,902
2004.06.06,00:00,1.11890,1.12190,1.09690,1.09930,747
2004.06.13,00:00,1.10210,1.10560,1.08950,1.09860,843
2004.06.20,00:00,1.09890,1.10680,1.09260,1.10190,830
2004.06.27,00:00,1.10000,1.10470,1.08990,1.10160,605
2004.07.04,00:00,1.10660,1.10660,1.09530,1.09930,544
2004.07.11,00:00,1.10050,1.11510,1.09910,1.11110,622
2004.07.18,00:00,1.11020,1.12160,1.10860,1.11670,733
2004.07.25,00:00,1.11680,1.11900,1.09980,1.10330,692
2004.08.01,00:00,1.10370,1.10640,1.08720,1.09400,688
2004.08.08,00:00,1.09390,1.09790,1.07530,1.07590,701
2004.08.15,00:00,1.07720,1.08440,1.07440,1.07700,602
2004.08.22,00:00,1.07640,1.09060,1.07270,1.07590,708
2004.08.29,00:00,1.07370,1.07850,1.06410,1.07020,724
2004.09.05,00:00,1.07020,1.07570,1.05300,1.06230,709
2004.09.12,00:00,1.06320,1.06350,1.05540,1.05690,454
2004.09.19,00:00,1.05710,1.07280,1.05660,1.06890,467
2004.09.26,00:00,1.06970,1.07920,1.06650,1.07610,586
2004.10.03,00:00,1.07670,1.07980,1.06980,1.07350,539
2004.10.10,00:00,1.07600,1.07940,1.06200,1.06500,534
2004.10.17,00:00,1.06640,1.06790,1.05750,1.06360,506
2004.10.24,00:00,1.06400,1.09540,1.06180,1.09520,601
2004.10.31,00:00,1.09490,1.10190,1.08630,1.09810,649
2004.11.07,00:00,1.09410,1.11460,1.09060,1.10890,827
2004.11.14,00:00,1.10810,1.10920,1.09820,1.10600,559
2004.11.21,00:00,1.10410,1.11000,1.09860,1.10430,541
2004.11.28,00:00,1.10090,1.10370,1.07750,1.08490,710
2004.12.05,00:00,1.08350,1.08350,1.05680,1.06750,769
2004.12.12,00:00,1.06260,1.07190,1.06200,1.06370,299
2005.01.02,00:00,1.08740,1.09580,1.08330,1.09000,669
2005.01.09,00:00,1.08910,1.09520,1.08330,1.08540,570
2005.01.16,00:00,1.08550,1.09030,1.07080,1.07680,608
2005.01.23,00:00,1.07790,1.08990,1.07510,1.08780,593
2005.01.30,00:00,1.08580,1.09260,1.08000,1.08450,533
2005.02.06,00:00,1.08450,1.10520,1.07960,1.10120,762
2005.02.13,00:00,1.10120,1.10420,1.08680,1.09020,631
2005.02.20,00:00,1.09100,1.09250,1.08450,1.08930,588
2005.02.27,00:00,1.09030,1.09240,1.07380,1.07900,664
2005.03.06,00:00,1.07720,1.08320,1.06790,1.07210,638
2005.03.13,00:00,1.07210,1.07250,1.06500,1.06760,400
2005.03.20,00:00,1.06840,1.08450,1.06440,1.08040,598
2005.03.27,00:00,1.08130,1.09080,1.08070,1.08840,526
2005.04.03,00:00,1.08710,1.08930,1.07230,1.07760,519
2005.04.10,00:00,1.07720,1.07780,1.06670,1.07320,500
2005.04.17,00:00,1.07360,1.07540,1.06380,1.06720,442
2005.04.24,00:00,1.06730,1.07870,1.06500,1.06820,497
2005.05.01,00:00,1.06860,1.07080,1.05730,1.05760,385
2005.05.08,00:00,1.05760,1.07070,1.05620,1.06990,552
2005.05.15,00:00,1.06990,1.07180,1.06370,1.06630,426
2005.05.22,00:00,1.06640,1.07090,1.06510,1.06660,396
2005.05.29,00:00,1.06640,1.08260,1.06630,1.08050,480
2005.06.05,00:00,1.08040,1.08210,1.07150,1.07860,583
2005.06.12,00:00,1.07850,1.08810,1.07580,1.08480,455
2005.06.19,00:00,1.08460,1.09550,1.08130,1.09080,498
2005.06.26,00:00,1.09060,1.10330,1.08350,1.09910,627
2005.07.03,00:00,1.09930,1.10700,1.09380,1.10190,763
2005.07.10,00:00,1.10070,1.11530,1.09860,1.11160,570
2005.07.17,00:00,1.11220,1.11980,1.10650,1.11360,584
2005.07.24,00:00,1.11360,1.11740,1.10820,1.11170,498
2005.07.31,00:00,1.11180,1.11970,1.10960,1.11340,429
2005.08.07,00:00,1.11230,1.11470,1.09020,1.09120,541
2005.08.14,00:00,1.09110,1.09420,1.07780,1.08230,552
2005.08.21,00:00,1.08230,1.09000,1.08040,1.08780,425
2005.08.28,00:00,1.08680,1.08910,1.07960,1.08290,590
2005.09.04,00:00,1.08290,1.09680,1.08010,1.09530,511
2005.09.11,00:00,1.09370,1.09590,1.08550,1.08930,372
2005.09.18,00:00,1.08690,1.10470,1.08650,1.10060,510
2005.09.25,00:00,1.10420,1.11190,1.09690,1.10220,534
2005.10.02,00:00,1.10240,1.10440,1.08380,1.08770,515
2005.10.09,00:00,1.08800,1.08960,1.07860,1.08010,522
2005.10.16,00:00,1.08020,1.08260,1.06760,1.06990,447
2005.10.23,00:00,1.07010,1.07700,1.06480,1.06530,518
2005.10.30,00:00,1.06640,1.07530,1.06360,1.07290,503
2005.11.06,00:00,1.07270,1.08150,1.06260,1.06620,560
2005.11.13,00:00,1.06600,1.07290,1.06420,1.06690,462
2005.11.20,00:00,1.06760,1.07050,1.05420,1.05530,430
2005.11.27,00:00,1.05550,1.05680,1.04670,1.04970,467
2005.12.04,00:00,1.04850,1.07240,1.04320,1.06650,726
2005.12.11,00:00,1.06660,1.07110,1.06120,1.06730,290
2006.01.01,00:00,1.07250,1.09280,1.06990,1.09090,631
2006.01.08,00:00,1.09000,1.09160,1.07710,1.08100,566
2006.01.15,00:00,1.08020,1.10370,1.07860,1.10120,688
2006.01.22,00:00,1.10170,1.11090,1.09390,1.09990,800
2006.01.29,00:00,1.10050,1.10560,1.08720,1.08870,546
2006.02.05,00:00,1.09010,1.09640,1.08600,1.08850,486
2006.02.12,00:00,1.08660,1.11060,1.08350,1.10630,588
2006.02.19,00:00,1.10670,1.12290,1.10390,1.11550,628
2006.02.26,00:00,1.11460,1.12420,1.11460,1.11970,516
2006.03.05,00:00,1.11880,1.14470,1.11770,1.14130,705
2006.03.12,00:00,1.14160,1.15890,1.13740,1.14570,952
2006.03.19,00:00,1.14640,1.16620,1.14180,1.16510,961
2006.03.26,00:00,1.16510,1.17360,1.15940,1.16380,786
2006.04.02,00:00,1.16590,1.19520,1.16010,1.19400,836
2006.04.09,00:00,1.19390,1.20190,1.16730,1.17800,866
2006.04.16,00:00,1.17950,1.18470,1.16970,1.17520,822
2006.04.23,00:00,1.17880,1.19730,1.17260,1.19000,838
2006.04.30,00:00,1.19020,1.20760,1.18710,1.20410,745
2006.05.07,00:00,1.20460,1.24280,1.20060,1.23120,1434
2006.05.14,00:00,1.22810,1.23700,1.21600,1.22290,1043
2006.05.21,00:00,1.22090,1.22480,1.18010,1.19440,1098
2006.05.28,00:00,1.19470,1.19910,1.17960,1.19300,798
2006.06.04,00:00,1.19110,1.19190,1.17710,1.18050,787
2006.06.11,00:00,1.17970,1.19890,1.17970,1.19590,746
2006.06.18,00:00,1.19560,1.20970,1.18690,1.20380,781
2006.06.25,00:00,1.20400,1.22940,1.20110,1.22120,1043
2006.07.02,00:00,1.22360,1.23610,1.21790,1.22960,665
2006.07.09,00:00,1.23030,1.23170,1.21110,1.21480,787
2006.07.16,00:00,1.21460,1.21470,1.19110,1.20650,808
2006.07.23,00:00,1.20530,1.24350,1.20340,1.24270,886
2006.07.30,00:00,1.24040,1.24520,1.22210,1.22470,898
2006.08.06,00:00,1.22280,1.22690,1.20600,1.20970,837
2006.08.13,00:00,1.20850,1.21350,1.18340,1.18750,816
2006.08.20,00:00,1.18740,1.20190,1.18570,1.18920,690
2006.08.27,00:00,1.18940,1.19250,1.16120,1.17060,754
2006.09.03,00:00,1.16860,1.19620,1.16690,1.18250,1043
2006.09.10,00:00,1.18320,1.18640,1.13190,1.13690,1053
2006.09.17,00:00,1.13450,1.14930,1.13000,1.13350,882
2006.09.24,00:00,1.13300,1.14790,1.12170,1.14240,947
2006.10.01,00:00,1.14280,1.14770,1.12110,1.12760,764
2006.10.08,00:00,1.12740,1.14390,1.12430,1.14250,19057
2006.10.15,00:00,1.14230,1.14640,1.13210,1.13490,93644
2006.10.22,00:00,1.13450,1.16640,1.13390,1.15910,108612
2006.10.29,00:00,1.15910,1.16460,1.14440,1.14940,94967
2006.11.05,00:00,1.14950,1.15760,1.14780,1.15150,95126
2006.11.12,00:00,1.15250,1.16220,1.14990,1.15620,112037
2006.11.19,00:00,1.15670,1.16280,1.14570,1.15870,89031
2006.11.26,00:00,1.16140,1.16520,1.14530,1.14620,107987
2006.12.03,00:00,1.14800,1.15300,1.13790,1.14360,125655
2006.12.10,00:00,1.14420,1.14660,1.13290,1.13300,55663
2007.04.29,00:00,1.11960,1.12090,1.11220,1.11480,25787
2007.05.06,00:00,1.11500,1.13800,1.11380,1.13220,36635
2007.05.13,00:00,1.13330,1.13520,1.12240,1.12560,37090
2007.05.20,00:00,1.12570,1.13270,1.12160,1.12620,38036
2007.05.27,00:00,1.12710,1.12980,1.11570,1.11750,31947
2007.06.03,00:00,1.11700,1.12320,1.10370,1.10590,52593
2007.06.10,00:00,1.10720,1.12640,1.10480,1.11480,40401
2007.06.17,00:00,1.11830,1.11910,1.10360,1.10820,37414
2007.06.24,00:00,1.10980,1.10980,1.09650,1.09860,48069
2007.07.01,00:00,1.10020,1.10150,1.09030,1.09650,33720
2007.07.08,00:00,1.09600,1.11220,1.09500,1.10600,44046
2007.07.15,00:00,1.10670,1.11150,1.09720,1.10350,40561
2007.07.22,00:00,1.10270,1.11950,1.09080,1.11240,67471
2007.07.29,00:00,1.11550,1.12510,1.11040,1.12350,76081
2007.08.05,00:00,1.12650,1.13870,1.11860,1.13240,59619
2007.08.12,00:00,1.13280,1.17630,1.13220,1.14340,123541
2007.08.19,00:00,1.14410,1.15840,1.14020,1.14590,101528
2007.08.26,00:00,1.14410,1.17220,1.14070,1.16600,90595
2007.09.02,00:00,1.16430,1.20300,1.16290,1.19540,71349
2007.09.09,00:00,1.20020,1.20150,1.16860,1.18030,74148
2007.09.16,00:00,1.17960,1.18480,1.15890,1.16440,77871
2007.09.23,00:00,1.16600,1.17840,1.15910,1.17100,65754
2007.09.30,00:00,1.16760,1.18150,1.16030,1.17860,75801
2007.10.07,00:00,1.17870,1.18010,1.16350,1.16400,56374
2007.10.14,00:00,1.17070,1.19730,1.16760,1.19030,90092
2007.10.21,00:00,1.19170,1.19890,1.18130,1.19800,88407
2007.10.28,00:00,1.19580,1.21040,1.19360,1.20580,88605
2007.11.04,00:00,1.20250,1.20650,1.18660,1.19240,97705
2007.11.11,00:00,1.19250,1.19390,1.16790,1.17810,105053
2007.11.18,00:00,1.17800,1.18250,1.15300,1.15590,79919
2007.11.25,00:00,1.15640,1.16540,1.14030,1.15660,91737
2007.12.02,00:00,1.15820,1.15850,1.12310,1.12720,69084
2007.12.09,00:00,1.13050,1.13630,1.11480,1.12410,69168
2007.12.16,00:00,1.12230,1.14270,1.12150,1.13560,53925
2007.12.23,00:00,1.13600,1.13950,1.12720,1.12860,14999
2007.12.30,00:00,1.12950,1.14440,1.12890,1.13730,31751
2008.01.06,00:00,1.13630,1.14960,1.13220,1.13790,66495
2008.01.13,00:00,1.13770,1.15800,1.13230,1.15600,95002
2008.01.20,00:00,1.15870,1.15970,1.13340,1.14460,103322
2008.01.27,00:00,1.14190,1.14420,1.13330,1.13710,78137
2008.02.03,00:00,1.13980,1.14960,1.12710,1.13520,78015
2008.02.10,00:00,1.13790,1.15240,1.13610,1.14990,70847
2008.02.17,00:00,1.14790,1.15390,1.13850,1.14190,68484
2008.02.24,00:00,1.14260,1.16870,1.13770,1.16460,72344
2008.03.02,00:00,1.16860,1.17420,1.15500,1.16690,84213
2008.03.09,00:00,1.16990,1.17260,1.14580,1.15230,75822
2008.03.16,00:00,1.15340,1.15680,1.13370,1.13830,70479
2008.03.23,00:00,1.13850,1.15320,1.13310,1.15000,75835
2008.03.30,00:00,1.15120,1.17110,1.15030,1.16850,84118
2008.04.06,00:00,1.16680,1.17150,1.15960,1.16930,78873
2008.04.13,00:00,1.17230,1.19130,1.16550,1.18280,87025
2008.04.20,00:00,1.17980,1.19780,1.17910,1.19320,79293
2008.04.27,00:00,1.19260,1.20690,1.19090,1.19790,76059
2008.05.04,00:00,1.19710,1.22860,1.19550,1.22590,77866
2008.05.11,00:00,1.22560,1.24060,1.22350,1.23380,83849
2008.05.18,00:00,1.23340,1.24110,1.21510,1.22150,66564
2008.05.25,00:00,1.22100,1.22960,1.21220,1.22010,64823
2008.06.01,00:00,1.21900,1.25580,1.21210,1.25360,80117
2008.06.08,00:00,1.25080,1.26240,1.24230,1.25200,86365
2008.06.15,00:00,1.24980,1.25340,1.24310,1.25200,63151
2008.06.22,00:00,1.25280,1.26900,1.25030,1.26240,68475
2008.06.29,00:00,1.26250,1.27220,1.25300,1.26840,71908
2008.07.06,00:00,1.26800,1.27210,1.25720,1.26850,82062
2008.07.13,00:00,1.27300,1.27750,1.26030,1.27400,81694
2008.07.20,00:00,1.27660,1.29660,1.27540,1.28880,101593
2008.07.27,00:00,1.28420,1.29400,1.27520,1.27710,94508
2008.08.03,00:00,1.27590,1.28020,1.25880,1.26120,99954
2008.08.10,00:00,1.26370,1.26890,1.22460,1.22600,130815
2008.08.17,00:00,1.22930,1.23220,1.21580,1.22190,88033
2008.08.24,00:00,1.22240,1.23830,1.22020,1.22440,103156
2008.08.31,00:00,1.22400,1.23140,1.20920,1.21970,139359
2008.09.07,00:00,1.22010,1.23430,1.19880,1.23230,179401
2008.09.14,00:00,1.22660,1.23240,1.18110,1.21110,187556
2008.09.21,00:00,1.21130,1.22920,1.20440,1.21080,143043
2008.09.28,00:00,1.20810,1.21360,1.16560,1.16860,159806
2008.10.05,00:00,1.17080,1.17200,1.06280,1.08120,271285
2008.10.12,00:00,1.11340,1.14610,1.08690,1.12400,261749
2008.10.19,00:00,1.13490,1.14700,1.09240,1.11780,239661
2008.10.26,00:00,1.10630,1.15940,1.10160,1.14480,288837
2008.11.02,00:00,1.14070,1.15860,1.12610,1.13900,195977
2008.11.09,00:00,1.15010,1.18080,1.13440,1.17020,207872
2008.11.16,00:00,1.16340,1.18680,1.15720,1.17520,186584
2008.11.23,00:00,1.17850,1.19290,1.17200,1.19110,143376
2008.11.30,00:00,1.19380,1.21830,1.18600,1.20890,103147
2008.12.07,00:00,1.20330,1.22710,1.19470,1.21090,99303
2008.12.14,00:00,1.21330,1.21480,1.16420,1.18140,136489
2008.12.21,00:00,1.18130,1.20100,1.17470,1.18280,56278
2008.12.28,00:00,1.18110,1.19700,1.17850,1.19540,35859
2009.01.25,00:00,1.23570,1.27950,1.23310,1.25040,386740
2009.02.01,00:00,1.24970,1.27420,1.24500,1.26880,322537
2009.02.08,00:00,1.26700,1.27390,1.23980,1.25560,220711
2009.02.15,00:00,1.25170,1.27100,1.24660,1.26010,161499
2009.02.22,00:00,1.26440,1.28040,1.25740,1.27520,160291
2009.03.01,00:00,1.28010,1.29310,1.26730,1.27390,172307
2009.03.08,00:00,1.27310,1.28830,1.24940,1.25300,171857
2009.03.15,00:00,1.25570,1.25700,1.22563,1.22870,166160
2009.03.22,00:00,1.23350,1.24779,1.20776,1.21362,214821
2009.03.29,00:00,1.21505,1.24292,1.20534,1.21883,234622
2009.04.05,00:00,1.21582,1.23823,1.20215,1.23260,187357
2009.04.12,00:00,1.23154,1.27498,1.22977,1.27091,203849
2009.04.19,00:00,1.26849,1.27494,1.25520,1.26043,262555
2009.04.26,00:00,1.26775,1.29315,1.24648,1.27978,246839
2009.05.03,00:00,1.27809,1.28821,1.26622,1.27161,423800
2009.05.10,00:00,1.27408,1.28410,1.25468,1.27881,477883
2009.05.17,00:00,1.27693,1.28829,1.25904,1.26087,374508
2009.05.24,00:00,1.26945,1.27173,1.24722,1.25025,412211
2009.05.31,00:00,1.25034,1.27262,1.23778,1.26513,490085
2009.06.07,00:00,1.26770,1.28345,1.26119,1.26191,464726
2009.06.14,00:00,1.26585,1.26933,1.24689,1.25319,416412
2009.06.21,00:00,1.25090,1.25482,1.23771,1.24999,425263
2009.06.28,00:00,1.24807,1.26794,1.23763,1.26375,347247
2009.07.05,00:00,1.26322,1.26627,1.23340,1.23947,400260
2009.07.12,00:00,1.23986,1.24895,1.23287,1.24307,363167
2009.07.19,00:00,1.24224,1.24558,1.23448,1.24463,356551
2009.07.26,00:00,1.24399,1.26689,1.24010,1.26169,396504
2009.08.02,00:00,1.26360,1.26563,1.23659,1.24366,363712
2009.08.09,00:00,1.24481,1.24714,1.22392,1.22633,369951
2009.08.16,00:00,1.22848,1.23241,1.21826,1.22169,373891
2009.08.23,00:00,1.21968,1.23061,1.21123,1.22783,291627
2009.08.30,00:00,1.22957,1.24060,1.22040,1.23610,300625
2009.09.06,00:00,1.23530,1.24680,1.21970,1.21970,156295
2009.09.13,00:00,1.22110,1.22990,1.21990,1.22240,81705
2009.09.20,00:00,1.22300,1.22500,1.20110,1.20630,90368
2009.09.27,00:00,1.20760,1.22350,1.19870,1.20780,94729
2009.10.04,00:00,1.20730,1.23390,1.19250,1.23010,100326
2009.10.11,00:00,1.23100,1.24220,1.22570,1.23660,78252
2009.10.18,00:00,1.23780,1.23810,1.21940,1.22170,80781
2009.10.25,00:00,1.22220,1.25451,1.22060,1.25165,139290
2009.11.01,00:00,1.25459,1.26702,1.24606,1.26644,321633
2009.11.08,00:00,1.25260,1.26394,1.24853,1.25387,303284
2009.11.15,00:00,1.25693,1.26380,1.24304,1.26212,321503
2009.11.22,00:00,1.26315,1.28138,1.25800,1.27348,303618
2009.11.29,00:00,1.27588,1.28365,1.26618,1.27553,296273
2009.12.06,00:00,1.27550,1.28090,1.25314,1.25735,340047
2009.12.13,00:00,1.25602,1.26006,1.24409,1.24944,276537
2009.12.20,00:00,1.24985,1.25394,1.24494,1.25154,161654
2009.12.27,00:00,1.25119,1.25467,1.23122,1.23527,140665
2010.01.03,00:00,1.23884,1.25540,1.23799,1.25371,254742
2010.01.10,00:00,1.25430,1.25901,1.24338,1.24936,258187
2010.01.17,00:00,1.25187,1.27182,1.24728,1.26788,289805
2010.01.24,00:00,1.26519,1.27559,1.25750,1.25955,329989
2010.01.31,00:00,1.25536,1.26593,1.24088,1.25843,312226
2010.02.07,00:00,1.25885,1.27613,1.25646,1.27145,318436
2010.02.14,00:00,1.27451,1.28708,1.26810,1.28389,279430
2010.02.21,00:00,1.28451,1.29194,1.27548,1.28136,303064
2010.02.28,00:00,1.28164,1.31208,1.28146,1.30126,287435
2010.03.07,00:00,1.29871,1.30950,1.29225,1.30315,265371
2010.03.14,00:00,1.30356,1.30444,1.28510,1.29206,294772
2010.03.21,00:00,1.29263,1.30356,1.28127,1.28361,300032
2010.03.28,00:00,1.28245,1.30304,1.28212,1.30035,243428
2010.04.04,00:00,1.29979,1.32292,1.29928,1.30158,241745
2010.04.11,00:00,1.30385,1.31247,1.29414,1.30350,279535
2010.04.18,00:00,1.30033,1.31138,1.29030,1.29238,311533
2010.04.25,00:00,1.29016,1.29245,1.26813,1.27062,328953
2010.05.02,00:00,1.26515,1.27140,1.23920,1.24150,389790
2010.05.09,00:00,1.24654,1.25790,1.24265,1.25213,387352
2010.05.16,00:00,1.25247,1.25908,1.21214,1.22488,473009
2010.05.23,00:00,1.22840,1.25070,1.21871,1.24683,355726
2010.05.30,00:00,1.24745,1.24838,1.22520,1.22598,344074
2010.06.06,00:00,1.22650,1.24284,1.22036,1.23115,419949
2010.06.13,00:00,1.23238,1.24446,1.22836,1.23275,299008
2010.06.20,00:00,1.23693,1.24134,1.21984,1.22322,304044
2010.06.27,00:00,1.22188,1.23621,1.21322,1.22093,332939
2010.07.04,00:00,1.22154,1.24046,1.21603,1.23281,292902
2010.07.11,00:00,1.23356,1.23665,1.20902,1.22153,302889
2010.07.18,00:00,1.22030,1.23430,1.21978,1.23026,322163
2010.07.25,00:00,1.23040,1.25002,1.21984,1.24457,300254
2010.08.01,00:00,1.24554,1.25924,1.23955,1.25096,268530
2010.08.08,00:00,1.25167,1.26606,1.25033,1.26376,313531
2010.08.15,00:00,1.25960,1.27211,1.25274,1.26388,314248
2010.08.22,00:00,1.25637,1.26527,1.25175,1.26355,318204
2010.08.29,00:00,1.26260,1.28260,1.25850,1.27157,271537
2010.09.05,00:00,1.27303,1.27757,1.26077,1.27044,256117
2010.09.12,00:00,1.26910,1.29582,1.26910,1.28873,299387
2010.09.19,00:00,1.28900,1.30772,1.28750,1.30551,249976
2010.09.26,00:00,1.30240,1.31734,1.30230,1.30582,297949
2010.10.03,00:00,1.30635,1.31196,1.28910,1.30580,308585
2010.10.10,00:00,1.30640,1.31369,1.29740,1.30925,261565
2010.10.17,00:00,1.31064,1.31477,1.29678,1.31471,351983
2010.10.24,00:00,1.31591,1.32144,1.27970,1.28228,347891
2010.10.31,00:00,1.28563,1.30643,1.27129,1.27572,356892
2010.11.07,00:00,1.28039,1.29523,1.27117,1.27231,401040
2010.11.14,00:00,1.27331,1.27935,1.26342,1.26543,362636
2010.11.21,00:00,1.26639,1.29433,1.26481,1.28531,352267
2010.11.28,00:00,1.28569,1.29829,1.28167,1.29540,392619
2010.12.05,00:00,1.29670,1.32080,1.29218,1.31629,357645
2010.12.12,00:00,1.31674,1.34266,1.31366,1.34075,311841
2010.12.19,00:00,1.34139,1.35086,1.33133,1.33972,271453
2010.12.26,00:00,1.34007,1.34316,1.30577,1.31055,224531
2011.01.02,00:00,1.31428,1.32038,1.30664,1.30954,311933
2011.01.09,00:00,1.30804,1.31044,1.28442,1.28976,352515
2011.01.16,00:00,1.28829,1.30754,1.28294,1.30315,386237
2011.01.23,00:00,1.30261,1.30894,1.27711,1.28373,387062
2011.01.30,00:00,1.28506,1.32052,1.28178,1.31557,351141
2011.02.06,00:00,1.31612,1.32044,1.30412,1.31645,244127
2011.02.13,00:00,1.32190,1.33381,1.32023,1.33096,292955
2011.02.20,00:00,1.32887,1.35497,1.31830,1.35297,368940
2011.02.27,00:00,1.35121,1.37637,1.34650,1.37192,344638
2011.03.06,00:00,1.37615,1.37918,1.35475,1.36405,365531
2011.03.13,00:00,1.36535,1.37178,1.34351,1.36166,440071
2011.03.20,00:00,1.36215,1.37158,1.35527,1.36062,327028
2011.03.27,00:00,1.36342,1.37270,1.35085,1.35136,315838
2011.04.03,00:00,1.35207,1.35282,1.33607,1.34858,293582
2011.04.10,00:00,1.34810,1.35164,1.31952,1.32075,317694
2011.04.17,00:00,1.31980,1.34468,1.31886,1.33658,270091
2011.04.24,00:00,1.33850,1.36393,1.33259,1.35351,295012
2011.05.01,00:00,1.35376,1.37005,1.34380,1.35244,390510
2011.05.08,00:00,1.35451,1.36785,1.33545,1.34179,320413
2011.05.15,00:00,1.34337,1.35851,1.33700,1.33880,207354
2011.05.22,00:00,1.33960,1.34001,1.30429,1.30429,248314
2011.05.29,00:00,1.30787,1.31724,1.29173,1.31244,295697
2011.06.05,00:00,1.31366,1.31811,1.27993,1.28140,229875
2011.06.12,00:00,1.28234,1.31628,1.28146,1.30482,309085
2011.06.19,00:00,1.30595,1.30945,1.28749,1.28900,310844
2011.06.26,00:00,1.29696,1.30422,1.28922,1.30093,285003
2011.07.03,00:00,1.30105,1.30107,1.28095,1.28253,260195
2011.07.10,00:00,1.28317,1.30005,1.25554,1.25708,340401
2011.07.17,00:00,1.25790,1.26112,1.24788,1.25317,220620
2011.07.24,00:00,1.25176,1.26880,1.24821,1.24889,243417
2011.07.31,00:00,1.24973,1.25929,1.23636,1.23683,349336
2011.08.07,00:00,1.23682,1.26161,1.23098,1.24281,518927
2011.08.14,00:00,1.24125,1.27250,1.24053,1.26943,385188
2011.08.21,00:00,1.26827,1.27332,1.25513,1.25639,353112
2011.08.28,00:00,1.25720,1.26356,1.24813,1.25345,327176
2011.09.04,00:00,1.25673,1.28303,1.25330,1.27205,379250
2011.09.11,00:00,1.26915,1.27387,1.24169,1.24803,443679
2011.09.18,00:00,1.24776,1.26052,1.23531,1.25734,467565
2011.09.25,00:00,1.26455,1.27713,1.25132,1.26755,478510
2011.10.02,00:00,1.26770,1.27097,1.25145,1.26676,490714
2011.10.09,00:00,1.26954,1.28600,1.26608,1.28238,400947
2011.10.16,00:00,1.28366,1.29278,1.28022,1.29021,419939
2011.10.23,00:00,1.28682,1.31202,1.28638,1.30139,431446
2011.10.30,00:00,1.30359,1.31347,1.29287,1.30550,472144
2011.11.06,00:00,1.30666,1.31029,1.29457,1.30656,411960
2011.11.13,00:00,1.30489,1.32680,1.30402,1.32117,465344
2011.11.20,00:00,1.32075,1.32251,1.30503,1.30961,407628
2011.11.27,00:00,1.30956,1.32318,1.30623,1.31281,388268
2011.12.04,00:00,1.31513,1.32250,1.30883,1.31515,406195
2011.12.11,00:00,1.31602,1.32741,1.30652,1.30909,394401
2011.12.18,00:00,1.30760,1.31471,1.30459,1.30856,265297
2011.12.25,00:00,1.31277,1.31745,1.30869,1.31221,211670
2012.01.01,00:00,1.31259,1.31567,1.30757,1.30862,274911
2012.01.08,00:00,1.30680,1.30757,1.29093,1.29795,327923
2012.01.15,00:00,1.29545,1.30258,1.28659,1.29870,316303
2012.01.22,00:00,1.29900,1.30201,1.28896,1.29068,324152
2012.01.29,00:00,1.29095,1.29384,1.28168,1.28659,331704
2012.02.05,00:00,1.28897,1.29599,1.28221,1.28958,341776
2012.02.12,00:00,1.28847,1.29283,1.27825,1.28483,388687
2012.02.19,00:00,1.28119,1.28407,1.27529,1.27800,324085
2012.02.26,00:00,1.27909,1.29525,1.27706,1.29354,320671
2012.03.04,00:00,1.29298,1.30525,1.28432,1.28606,324007
2012.03.11,00:00,1.28977,1.29295,1.27854,1.28267,303052
2012.03.18,00:00,1.28108,1.28768,1.27646,1.27729,307559
2012.03.25,00:00,1.27918,1.28241,1.25879,1.25941,295180
2012.04.01,00:00,1.26644,1.26935,1.25495,1.25624,297265
2012.04.08,00:00,1.25642,1.26637,1.25110,1.25934,306240
2012.04.15,00:00,1.25777,1.27165,1.25686,1.26629,314367
2012.04.22,00:00,1.26792,1.27790,1.26115,1.27203,305872
2012.04.29,00:00,1.27014,1.28476,1.26505,1.27877,282387
2012.05.06,00:00,1.27857,1.28539,1.27601,1.27911,334189
2012.05.13,00:00,1.28039,1.30443,1.27901,1.29969,327109
2012.05.20,00:00,1.29986,1.30362,1.29087,1.29233,369596
2012.05.27,00:00,1.29164,1.29548,1.28228,1.28430,357004
2012.06.03,00:00,1.28417,1.29439,1.28111,1.28629,375702
2012.06.10,00:00,1.28456,1.28668,1.27464,1.27684,347856
2012.06.17,00:00,1.27878,1.28179,1.27039,1.27165,357745
2012.06.24,00:00,1.27273,1.27941,1.26710,1.27707,332259
2012.07.01,00:00,1.27925,1.28091,1.27322,1.27825,289820
2012.07.08,00:00,1.27918,1.28979,1.27752,1.28342,302537
2012.07.15,00:00,1.28354,1.29911,1.28238,1.29676,298650
2012.07.22,00:00,1.29718,1.30762,1.29097,1.29342,353693
2012.07.29,00:00,1.29301,1.30026,1.28715,1.28934,308516
2012.08.05,00:00,1.29128,1.30411,1.28563,1.29950,271071
2012.08.12,00:00,1.29974,1.30264,1.28816,1.28917,243150
2012.08.19,00:00,1.29195,1.29316,1.28110,1.28139,260437
2012.08.26,00:00,1.28331,1.29215,1.28010,1.28293,220434
2012.09.02,00:00,1.28562,1.29159,1.27736,1.27749,252976
2012.09.09,00:00,1.27934,1.27942,1.26567,1.27183,277475
2012.09.16,00:00,1.27157,1.27204,1.25693,1.26042,262732
2012.09.23,00:00,1.25957,1.26931,1.24909,1.24940,268440
2012.09.30,00:00,1.25056,1.25198,1.23690,1.24445,264262
2012.10.07,00:00,1.24367,1.25693,1.24018,1.25185,239990
2012.10.14,00:00,1.25407,1.26629,1.25055,1.26531,234047
2012.10.21,00:00,1.26457,1.26960,1.25768,1.26012,230408
2012.10.28,00:00,1.26030,1.26433,1.25157,1.25182,236109
2012.11.04,00:00,1.25404,1.27815,1.25236,1.27408,386816
2012.11.11,00:00,1.27507,1.28291,1.27108,1.27156,371127
2012.11.18,00:00,1.27321,1.27492,1.26745,1.26867,319803
2012.11.25,00:00,1.26917,1.27464,1.26545,1.26975,344394
2012.12.02,00:00,1.27139,1.27278,1.25714,1.25898,304864
2012.12.09,00:00,1.25861,1.25888,1.24683,1.24792,282653
2012.12.16,00:00,1.24675,1.26662,1.24503,1.26253,306121
2012.12.23,00:00,1.26227,1.26970,1.25853,1.26423,190730
2012.12.30,00:00,1.26329,1.26767,1.24694,1.25899,252378
2013.01.06,00:00,1.26202,1.26353,1.25009,1.25898,354845
2013.01.13,00:00,1.25874,1.26260,1.25014,1.25327,364223
2013.01.20,00:00,1.25556,1.25925,1.24209,1.24409,326326
2013.01.27,00:00,1.24626,1.25480,1.22862,1.23037,361792
2013.02.03,00:00,1.23007,1.23989,1.22155,1.23360,375134
2013.02.10,00:00,1.23251,1.23610,1.21383,1.21811,331827
2013.02.17,00:00,1.21865,1.23467,1.21635,1.23050,306000
2013.02.24,00:00,1.23132,1.24236,1.22556,1.23572,369296
2013.03.03,00:00,1.23879,1.24845,1.23048,1.24511,98202
2013.03.10,00:00,1.24445,1.26817,1.24058,1.25752,155739
2013.03.17,00:00,1.25788,1.26397,1.24913,1.24931,180312
2013.03.24,00:00,1.25058,1.25534,1.24229,1.24427,146988
2013.03.31,00:00,1.24512,1.24655,1.23068,1.23115,140292
2013.04.07,00:00,1.23203,1.23523,1.21819,1.22276,160525
2013.04.14,00:00,1.22418,1.23101,1.21750,1.22012,220922
2013.04.21,00:00,1.22220,1.22328,1.20508,1.21209,168946
2013.04.28,00:00,1.21146,1.21290,1.20137,1.20759,161972
2013.05.05,00:00,1.20645,1.21669,1.19550,1.20560,184607
2013.05.12,00:00,1.20693,1.20886,1.19613,1.20550,219662
2013.05.19,00:00,1.20401,1.20598,1.18953,1.18972,290781
2013.05.26,00:00,1.19038,1.20636,1.18176,1.20185,331287
2013.06.02,00:00,1.20627,1.21007,1.18958,1.20194,389746
2013.06.09,00:00,1.20124,1.20298,1.18528,1.18642,399302
2013.06.16,00:00,1.18777,1.19552,1.17470,1.18778,351012
2013.06.23,00:00,1.18987,1.19852,1.17835,1.17882,384839
2013.06.30,00:00,1.18000,1.18341,1.16510,1.17462,317598
2013.07.07,00:00,1.17373,1.17499,1.15846,1.16302,305111
2013.07.14,00:00,1.16350,1.17375,1.15417,1.15547,274596
2013.07.21,00:00,1.16000,1.16415,1.13953,1.14427,283086
2013.07.28,00:00,1.14620,1.14805,1.11990,1.13395,289555
2013.08.04,00:00,1.14650,1.14935,1.12659,1.14435,277441
2013.08.11,00:00,1.14291,1.14607,1.12755,1.13265,271159
2013.08.18,00:00,1.13275,1.15902,1.12646,1.15512,291226
2013.08.25,00:00,1.15550,1.15860,1.14352,1.15004,247276
2013.09.01,00:00,1.15010,1.16590,1.14660,1.14660,224343
2013.09.08,00:00,1.14922,1.15580,1.13361,1.13582,212787
2013.09.15,00:00,1.13673,1.14327,1.12121,1.12184,218257
2013.09.22,00:00,1.12189,1.13974,1.12189,1.12341,177621
2013.09.29,00:00,1.12534,1.14260,1.12054,1.13384,203460
2013.10.06,00:00,1.13359,1.14406,1.13249,1.13624,184816
2013.10.13,00:00,1.13417,1.13972,1.12987,1.13759,183271
2013.10.20,00:00,1.13869,1.15754,1.13623,1.15629,194524
2013.10.27,00:00,1.15719,1.15803,1.14042,1.14124,205644
2013.11.03,00:00,1.14421,1.14914,1.13100,1.13564,197167
2013.11.10,00:00,1.13628,1.13677,1.12183,1.12262,188474
2013.11.17,00:00,1.12236,1.13114,1.11695,1.11796,210480
2013.11.24,00:00,1.12014,1.12256,1.11144,1.11979,158912
2013.12.01,00:00,1.11695,1.11890,1.09646,1.09859,200293
2013.12.08,00:00,1.09923,1.10481,1.08161,1.08321,189897
2013.12.15,00:00,1.08282,1.08983,1.07290,1.08706,174761
2013.12.22,00:00,1.08635,1.09143,1.08544,1.08742,82226
2013.12.29,00:00,1.08592,1.09048,1.08009,1.08059,138964
2014.01.05,00:00,1.08267,1.08599,1.07349,1.08279,201810
2014.01.12,00:00,1.08434,1.08614,1.05416,1.06194,210126
2014.01.19,00:00,1.06312,1.07042,1.04913,1.05634,202700
2014.01.26,00:00,1.05519,1.08295,1.05485,1.08183,215689
2014.02.02,00:00,1.08184,1.09463,1.07729,1.07939,237992
2014.02.09,00:00,1.08108,1.08722,1.07354,1.07850,171526
2014.02.16,00:00,1.08154,1.08899,1.07832,1.08323,179951
2014.02.23,00:00,1.08360,1.08573,1.06279,1.06364,192249
2014.03.02,00:00,1.06541,1.07589,1.06409,1.06949,194619
2014.03.09,00:00,1.06894,1.07029,1.05372,1.05731,319338
2014.03.16,00:00,1.05720,1.06478,1.05413,1.06316,296189
2014.03.23,00:00,1.06538,1.07389,1.06044,1.06749,274031
2014.03.30,00:00,1.06814,1.08340,1.06441,1.08031,261402
2014.04.06,00:00,1.08105,1.08628,1.07349,1.08050,223474
2014.04.13,00:00,1.08101,1.09109,1.07974,1.08637,162273
2014.04.20,00:00,1.08835,1.09110,1.07613,1.08019,144942
2014.04.27,00:00,1.08091,1.08722,1.06820,1.06969,182514
2014.05.04,00:00,1.07094,1.08714,1.06478,1.08639,206947
2014.05.11,00:00,1.08531,1.08776,1.07944,1.08430,157478
2014.05.18,00:00,1.08453,1.08484,1.07458,1.07868,181035
2014.05.25,00:00,1.08065,1.09807,1.07937,1.09453,207432
2014.06.01,00:00,1.09577,1.10345,1.09143,1.09743,175736
2014.06.08,00:00,1.09833,1.10224,1.08214,1.08412,171581
2014.06.15,00:00,1.08377,1.08459,1.07469,1.07924,152236
2014.06.22,00:00,1.07724,1.08239,1.07076,1.07359,144082
2014.06.29,00:00,1.07344,1.08340,1.06514,1.07057,168902
2014.07.06,00:00,1.07009,1.07341,1.06210,1.06460,172001
2014.07.13,00:00,1.06478,1.08243,1.06418,1.08002,238547
2014.07.20,00:00,1.08020,1.10153,1.07722,1.09566,288649
2014.07.27,00:00,1.09839,1.10474,1.09160,1.09425,277369
2014.08.03,00:00,1.09377,1.10525,1.09256,1.09656,199063
2014.08.10,00:00,1.09599,1.10253,1.09406,1.09823,156285
2014.08.17,00:00,1.09748,1.11013,1.09622,1.10817,210018
2014.08.24,00:00,1.11263,1.11906,1.11184,1.11577,225342
2014.08.31,00:00,1.11646,1.12953,1.11201,1.12518,298036
2014.09.07,00:00,1.12732,1.12751,1.10625,1.10883,342959
2014.09.14,00:00,1.10589,1.11017,1.09752,1.09752,345032
2014.09.21,00:00,1.09585,1.11485,1.09182,1.11361,393464
2014.09.28,00:00,1.11317,1.12816,1.11022,1.11646,435163
2014.10.05,00:00,1.11728,1.12795,1.11084,1.11120,437557
2014.10.12,00:00,1.11123,1.11494,1.09820,1.10389,375014
2014.10.19,00:00,1.10487,1.12242,1.09729,1.11962,317965
2014.10.26,00:00,1.12029,1.13026,1.11338,1.12840,318538
2014.11.02,00:00,1.12617,1.12836,1.10913,1.11380,387094
2014.11.09,00:00,1.11267,1.11602,1.10333,1.10579,313626
2014.11.16,00:00,1.10325,1.10419,1.09355,1.09960,320335
2014.11.23,00:00,1.09870,1.10114,1.08196,1.08442,255198
2014.11.30,00:00,1.08259,1.08589,1.07565,1.07791,284301
2014.12.07,00:00,1.07738,1.08681,1.05364,1.05841,340050
2014.12.14,00:00,1.05646,1.06490,1.04549,1.04549,340913
2014.12.21,00:00,1.05065,1.05573,1.04492,1.04506,375077
2014.12.28,00:00,1.04700,1.05326,1.04207,1.04889,364647
2015.01.04,00:00,1.04851,1.05676,1.03513,1.04441,413144
2015.01.11,00:00,1.04573,1.06348,1.04458,1.05340,457875
2015.01.18,00:00,1.05582,1.07547,1.05167,1.05962,315024
2015.01.25,00:00,1.05930,1.07938,1.05772,1.06846,303199
2015.02.01,00:00,1.06872,1.07381,1.04889,1.05830,391895
2015.02.08,00:00,1.05410,1.05749,1.03354,1.03873,406702
2015.02.15,00:00,1.03889,1.04284,1.02994,1.04169,404354
2015.02.22,00:00,1.04183,1.04752,1.03155,1.03204,359374
2015.03.01,00:00,1.03210,1.05002,1.02818,1.04736,347840
2015.03.08,00:00,1.04577,1.05295,1.03551,1.04071,376603
2015.03.15,00:00,1.04035,1.04397,1.02558,1.02640,368134
2015.03.22,00:00,1.02716,1.03399,1.02183,1.02309,367754
2015.03.29,00:00,1.02288,1.02621,1.00224,1.00224,299319
2015.04.05,00:00,1.00224,1.02178,1.00198,1.01832,306826
2015.04.12,00:00,1.01832,1.02203,1.00767,1.01250,416799
2015.04.19,00:00,1.01250,1.03092,1.00369,1.02871,567362
2015.04.26,00:00,1.02937,1.05188,1.02477,1.04004,641275
2015.05.03,00:00,1.03930,1.06839,1.03519,1.05890,148478
2015.05.10,00:00,1.06137,1.08875,1.06104,1.07601,411885
2015.05.17,00:00,1.07858,1.08469,1.06873,1.07064,433998
2015.05.24,00:00,1.06907,1.07825,1.05733,1.07606,478283
2015.05.31,00:00,1.07693,1.09121,1.06962,1.08008,529987
2015.06.07,00:00,1.08154,1.10916,1.07101,1.10557,587347
2015.06.14,00:00,1.10603,1.12841,1.10453,1.12453,576766
2015.06.21,00:00,1.12452,1.12976,1.11605,1.11899,588893
2015.06.28,00:00,1.11610,1.14281,1.11302,1.12236,607162
2015.07.05,00:00,1.12080,1.12493,1.10147,1.10649,472554
2015.07.12,00:00,1.10460,1.13766,1.10389,1.12948,483015
2015.07.19,00:00,1.13092,1.13228,1.10418,1.10706,604558
2015.07.26,00:00,1.10629,1.11098,1.08910,1.10592,634648
2015.08.02,00:00,1.10549,1.13154,1.10083,1.11960,638850
2015.08.09,00:00,1.11946,1.13009,1.10951,1.12756,561441
2015.08.16,00:00,1.12768,1.12831,1.09157,1.09276,693692
2015.08.23,00:00,1.09465,1.15283,1.09186,1.10807,809383
2015.08.30,00:00,1.10645,1.12607,1.09409,1.09952,631357
2015.09.06,00:00,1.09791,1.12628,1.09336,1.12209,590699
2015.09.13,00:00,1.12103,1.13450,1.11849,1.12257,534973
2015.09.20,00:00,1.12279,1.13104,1.09962,1.09980,534691
2015.09.27,00:00,1.10309,1.10575,1.09086,1.09369,559358
2015.10.04,00:00,1.09163,1.09845,1.08458,1.09399,621002
2015.10.11,00:00,1.09423,1.09824,1.06359,1.06571,608615
2015.10.18,00:00,1.06595,1.07998,1.05704,1.06776,504260
2015.10.25,00:00,1.06789,1.07319,1.04945,1.05218,505024
2015.11.01,00:00,1.05683,1.08801,1.05176,1.07837,574767
2015.11.08,00:00,1.07695,1.09476,1.07251,1.08863,542657
2015.11.15,00:00,1.08632,1.10365,1.08588,1.10183,571907
2015.11.22,00:00,1.10083,1.10844,1.09525,1.09989,595498
2015.11.29,00:00,1.09996,1.10479,1.08641,1.08661,702360
2015.12.06,00:00,1.08761,1.09576,1.06803,1.06803,596050
2015.12.13,00:00,1.07151,1.07427,1.05814,1.06366,519764
2015.12.20,00:00,1.06487,1.06788,1.05804,1.06270,259705
2015.12.27,00:00,1.06350,1.06880,1.05647,1.06522,219944
2016.01.03,00:00,1.06595,1.07263,1.05359,1.06170,569059
2016.01.10,00:00,1.06338,1.08071,1.06054,1.06085,624411
2016.01.17,00:00,1.06581,1.08386,1.06245,1.07825,717110
2016.01.24,00:00,1.07767,1.09717,1.07348,1.09180,693848
2016.01.31,00:00,1.09039,1.09427,1.06467,1.06485,668293
2016.02.07,00:00,1.06656,1.07354,1.05646,1.06829,733406
2016.02.14,00:00,1.07254,1.08709,1.07074,1.07736,657415
2016.02.21,00:00,1.07636,1.08720,1.06688,1.07347,633895
2016.02.28,00:00,1.08059,1.09719,1.07616,1.08965,714217
2016.03.06,00:00,1.09017,1.12825,1.08898,1.12010,664849
2016.03.13,00:00,1.12119,1.13158,1.11440,1.11790,659624
2016.03.20,00:00,1.11840,1.13314,1.11803,1.12016,525050
2016.03.27,00:00,1.12344,1.12503,1.10436,1.11108,609856
2016.04.03,00:00,1.11240,1.11995,1.10639,1.10723,625572
2016.04.10,00:00,1.10694,1.12372,1.10321,1.11493,614363
2016.04.17,00:00,1.11054,1.12640,1.10616,1.12421,610924
2016.04.24,00:00,1.12245,1.12694,1.08767,1.08919,525356
2016.05.01,00:00,1.08838,1.09471,1.07337,1.07603,590346
2016.05.08,00:00,1.07587,1.09189,1.06997,1.07213,527991
2016.05.15,00:00,1.07129,1.08048,1.06499,1.06643,516584
2016.05.22,00:00,1.06484,1.07457,1.06177,1.07245,474193
2016.05.29,00:00,1.07231,1.07740,1.05243,1.05847,517817
2016.06.05,00:00,1.05951,1.07369,1.04066,1.04489,535785
2016.06.12,00:00,1.04536,1.05453,1.04147,1.04548,581191
2016.06.19,00:00,1.05012,1.05287,1.04192,1.04493,551025
2016.06.26,00:00,1.04808,1.05076,1.04121,1.04493,547073
2016.07.03,00:00,1.03805,1.05480,1.03098,1.03446,533199
2016.07.10,00:00,1.03523,1.06992,1.03493,1.06416,542440
2016.07.17,00:00,1.06265,1.07690,1.06082,1.06565,457885
2016.07.24,00:00,1.06609,1.07246,1.05169,1.05335,478227
2016.07.31,00:00,1.05264,1.06771,1.04365,1.06641,472808
2016.08.07,00:00,1.06614,1.07414,1.05312,1.06215,431493
2016.08.14,00:00,1.06365,1.06716,1.04731,1.04793,485030
2016.08.21,00:00,1.04792,1.05249,1.03907,1.04363,468545
2016.08.28,00:00,1.04443,1.04565,1.03317,1.03598,485235
2016.09.04,00:00,1.03918,1.04321,1.02612,1.02723,501547
2016.09.11,00:00,1.02960,1.03132,1.02342,1.03028,573803
2016.09.18,00:00,1.02975,1.05408,1.02651,1.04974,499759
2016.09.25,00:00,1.04984,1.05832,1.04670,1.05090,565475
2016.10.02,00:00,1.05198,1.06356,1.04962,1.05825,546226
2016.10.09,00:00,1.05855,1.07619,1.05726,1.07375,500891
2016.10.16,00:00,1.07301,1.07493,1.05885,1.05998,456806
2016.10.23,00:00,1.06105,1.07538,1.05804,1.05804,523045
2016.10.30,00:00,1.06041,1.07015,1.04632,1.04681,581126
2016.11.06,00:00,1.04526,1.06443,1.03614,1.05606,826020
2016.11.13,00:00,1.05607,1.06558,1.04402,1.04402,729011
2016.11.20,00:00,1.04808,1.06088,1.04104,1.05436,615415
2016.11.27,00:00,1.05521,1.05919,1.04019,1.04335,630740
2016.12.04,00:00,1.04139,1.05151,1.03745,1.04147,538485
2016.12.11,00:00,1.04317,1.04925,1.03724,1.04695,710823
2016.12.18,00:00,1.04479,1.05010,1.04040,1.04065,549469
2016.12.25,00:00,1.04343,1.04434,1.02869,1.03921,398045
2017.01.01,00:00,1.03775,1.04890,1.03175,1.04598,661541
2017.01.08,00:00,1.04616,1.05692,1.04588,1.04985,775413
2017.01.15,00:00,1.05059,1.05522,1.04623,1.05171,765926
2017.01.22,00:00,1.05263,1.05450,1.03564,1.03789,717676
2017.01.29,00:00,1.03758,1.05273,1.03234,1.04704,694696
2017.02.05,00:00,1.04826,1.06726,1.03764,1.06365,651013
2017.02.12,00:00,1.06468,1.07069,1.06294,1.06487,659948
2017.02.19,00:00,1.06534,1.07467,1.06096,1.06338,535347
2017.02.26,00:00,1.06584,1.07935,1.06148,1.07589,631972
2017.03.05,00:00,1.07857,1.09241,1.07766,1.08948,631382
2017.03.12,00:00,1.08805,1.10169,1.08784,1.09742,639528
2017.03.19,00:00,1.09721,1.09776,1.08212,1.08216,614104
2017.03.26,00:00,1.08423,1.09637,1.07904,1.08630,520926
2017.04.02,00:00,1.08737,1.09023,1.07596,1.07955,511512
2017.04.09,00:00,1.07947,1.08447,1.07613,1.08033,497244
2017.04.16,00:00,1.08094,1.08325,1.06399,1.07029,458134
2017.04.23,00:00,1.07545,1.09130,1.07124,1.08919,513438
2017.04.30,00:00,1.08654,1.09329,1.06996,1.07011,470190
2017.05.07,00:00,1.07194,1.08039,1.06078,1.07507,519174
2017.05.14,00:00,1.07640,1.08184,1.06899,1.07584,560217
2017.05.21,00:00,1.07426,1.07625,1.05225,1.05317,494563
2017.05.28,00:00,1.05239,1.05692,1.03884,1.03967,453778
2017.06.04,00:00,1.04031,1.05139,1.03948,1.04313,470459
2017.06.11,00:00,1.04386,1.05486,1.04038,1.04889,493381
2017.06.18,00:00,1.04943,1.05189,1.03647,1.03696,410956
2017.06.25,00:00,1.03783,1.05329,1.03730,1.04783,470099
2017.07.02,00:00,1.04728,1.05497,1.03940,1.04245,423650
2017.07.09,00:00,1.04323,1.06645,1.04098,1.06447,418686
2017.07.16,00:00,1.06482,1.08429,1.06065,1.06065,585281
2017.07.23,00:00,1.06083,1.07112,1.06053,1.06253,644224
2017.07.30,00:00,1.06216,1.07447,1.05881,1.06884,555845
2017.08.06,00:00,1.06915,1.08593,1.06862,1.07749,519177
2017.08.13,00:00,1.07896,1.08763,1.07445,1.08243,492044
2017.08.20,00:00,1.08344,1.09702,1.08194,1.09465,511189
2017.08.27,00:00,1.09316,1.11392,1.09251,1.11291,582283
2017.09.03,00:00,1.11111,1.11420,1.10224,1.10770,621115
2017.09.10,00:00,1.10786,1.11326,1.09528,1.09704,569012
2017.09.17,00:00,1.09844,1.09856,1.08242,1.08436,541742
2017.09.24,00:00,1.08841,1.09783,1.08303,1.08603,538197
2017.10.01,00:00,1.08546,1.09934,1.08523,1.09442,389500
2017.10.08,00:00,1.09962,1.10238,1.09458,1.09541,407774
2017.10.15,00:00,1.09880,1.12533,1.08732,1.12215,490467
2017.10.22,00:00,1.12475,1.12898,1.11412,1.11568,485642
2017.10.29,00:00,1.11460,1.12299,1.10430,1.10713,456237
2017.11.05,00:00,1.10516,1.11265,1.10094,1.10306,454060
2017.11.12,00:00,1.10437,1.11398,1.09889,1.10940,405852
2017.11.19,00:00,1.11067,1.11166,1.10461,1.10640,419791
2017.11.26,00:00,1.10598,1.10943,1.09481,1.10432,556471
2017.12.03,00:00,1.10608,1.11135,1.09511,1.09662,573188
2017.12.10,00:00,1.09642,1.09847,1.08589,1.09292,495496
2017.12.17,00:00,1.09221,1.10158,1.09089,1.09838,392456
2017.12.24,00:00,1.09722,1.10151,1.09681,1.10063,192707
2017.12.31,00:00,1.09581,1.10525,1.09366,1.09665,375377
2018.01.07,00:00,1.09705,1.09778,1.08359,1.09089,626185
2018.01.14,00:00,1.09132,1.10021,1.08972,1.09727,670447
2018.01.21,00:00,1.09782,1.10387,1.08490,1.10182,723202
2018.01.28,00:00,1.10255,1.10720,1.08322,1.08499,743235
2018.02.04,00:00,1.08480,1.08936,1.07443,1.07684,834202
2018.02.11,00:00,1.07833,1.08395,1.06987,1.07002,590589
2018.02.18,00:00,1.07138,1.07699,1.06537,1.07399,540102
2018.02.25,00:00,1.07468,1.08261,1.06602,1.07159,663733
2018.03.04,00:00,1.06989,1.07750,1.06645,1.07750,634784
2018.03.11,00:00,1.07673,1.08017,1.06763,1.06872,581674
2018.03.18,00:00,1.06868,1.07617,1.06231,1.06338,640383
2018.03.25,00:00,1.06440,1.06689,1.05421,1.06138,506873
2018.04.01,00:00,1.06136,1.06564,1.05029,1.05619,342643
2018.04.08,00:00,1.05441,1.05829,1.04885,1.05561,293924
2018.04.15,00:00,1.05568,1.06725,1.05508,1.06366,287216
2018.04.22,00:00,1.06177,1.07287,1.06170,1.06987,336767
2018.04.29,00:00,1.06935,1.07554,1.06496,1.07392,356701
2018.05.06,00:00,1.07351,1.08427,1.06577,1.08244,365991
2018.05.13,00:00,1.08177,1.09394,1.08097,1.08580,371438
2018.05.20,00:00,1.08632,1.09616,1.08547,1.09116,399497
2018.05.27,00:00,1.09097,1.09239,1.07761,1.08329,401160
2018.06.03,00:00,1.08183,1.09020,1.07779,1.08059,311440
2018.06.10,00:00,1.07990,1.08421,1.07010,1.07183,278969
2018.06.17,00:00,1.07225,1.07795,1.06576,1.07643,318497
2018.06.24,00:00,1.07487,1.09345,1.07301,1.09345,362167
2018.07.01,00:00,1.08881,1.09919,1.08513,1.08612,299633
2018.07.08,00:00,1.08560,1.09713,1.08560,1.09667,294480
2018.07.15,00:00,1.09676,1.09745,1.08603,1.08922,410325
2018.07.22,00:00,1.09045,1.09340,1.08594,1.08906,333174
2018.07.29,00:00,1.08837,1.09686,1.08392,1.09622,307875
2018.08.05,00:00,1.09505,1.11734,1.09489,1.10914,352767
2018.08.12,00:00,1.10513,1.10813,1.09843,1.10213,452309
2018.08.19,00:00,1.10130,1.10556,1.08941,1.09451,395580
2018.08.26,00:00,1.09515,1.09767,1.08520,1.08538,421975
2018.09.02,00:00,1.08615,1.10186,1.08347,1.08687,387971
2018.09.09,00:00,1.08672,1.09783,1.08647,1.09207,322521
2018.09.16,00:00,1.09123,1.10011,1.08756,1.08972,366498
2018.09.23,00:00,1.08817,1.09287,1.08566,1.09000,330966
2018.09.30,00:00,1.09033,1.09507,1.08879,1.09501,344218
2018.10.07,00:00,1.09426,1.09918,1.08935,1.09263,407379
2018.10.14,00:00,1.09297,1.09388,1.07966,1.07989,428400
2018.10.21,00:00,1.07629,1.08778,1.07602,1.08583,521191
2018.10.28,00:00,1.08655,1.08809,1.07970,1.08233,481988
2018.11.04,00:00,1.08306,1.08491,1.06795,1.07148,491124
2018.11.11,00:00,1.07195,1.07386,1.06108,1.06524,526945
2018.11.18,00:00,1.06432,1.06941,1.05871,1.06579,353961
2018.11.25,00:00,1.06882,1.06953,1.06160,1.06247,397277
2018.12.02,00:00,1.06607,1.06703,1.04729,1.04895,456367
2018.12.09,00:00,1.04516,1.05856,1.04319,1.05579,417209
2018.12.16,00:00,1.05466,1.05732,1.04412,1.04795,462996
2018.12.23,00:00,1.04633,1.05237,1.04580,1.04850,298722
2018.12.30,00:00,1.04817,1.05657,1.01500,1.05587,411630
2019.01.06,00:00,1.05419,1.06376,1.05392,1.05532,429390
2019.01.13,00:00,1.05589,1.06503,1.05338,1.06110,336190
2019.01.20,00:00,1.05867,1.06680,1.04637,1.04946,370592
2019.01.27,00:00,1.04981,1.05361,1.04480,1.05117,400534
2019.02.03,00:00,1.05030,1.05334,1.03968,1.05054,356477
2019.02.10,00:00,1.05066,1.05438,1.03664,1.03911,370182
2019.02.17,00:00,1.04007,1.04882,1.03784,1.04069,407619
2019.02.24,00:00,1.03935,1.04592,1.03842,1.04119,439539
2019.03.03,00:00,1.04049,1.04349,1.03409,1.03485,389326
2019.03.10,00:00,1.03461,1.03577,1.02918,1.03430,318056
2019.03.17,00:00,1.03444,1.03722,1.02879,1.02931,392108
2019.03.24,00:00,1.02810,1.04507,1.02737,1.04221,415077
2019.03.31,00:00,1.04292,1.05728,1.04196,1.05454,325014
2019.04.07,00:00,1.05451,1.06234,1.05310,1.06011,326618
2019.04.14,00:00,1.06040,1.07290,1.05693,1.06873,306265
2019.04.21,00:00,1.06827,1.06990,1.05572,1.05688,277230
2019.04.28,00:00,1.05663,1.06140,1.05396,1.05670,264800
2019.05.05,00:00,1.05373,1.07221,1.05304,1.06019,395928
2019.05.12,00:00,1.05987,1.06046,1.05193,1.05362,320338
2019.05.19,00:00,1.05796,1.05959,1.05501,1.05704,286853
2019.05.26,00:00,1.05762,1.06295,1.05547,1.06023,282113
2019.06.02,00:00,1.06118,1.06189,1.04975,1.05033,411804
2019.06.09,00:00,1.05085,1.05862,1.04968,1.05810,348211
2019.06.16,00:00,1.05658,1.05868,1.04769,1.05064,345404
2019.06.23,00:00,1.05085,1.05482,1.04345,1.04491,323043
2019.06.30,00:00,1.04486,1.05426,1.04231,1.05239,246590
2019.07.07,00:00,1.05249,1.05371,1.04447,1.04805,274796
2019.07.14,00:00,1.04873,1.04926,1.03993,1.04143,271255
2019.07.21,00:00,1.04056,1.04535,1.03849,1.04129,214166
2019.07.28,00:00,1.04066,1.04561,1.03599,1.03979,348676
2019.08.04,00:00,1.03969,1.05204,1.02614,1.04905,468047
2019.08.11,00:00,1.04829,1.05556,1.04528,1.05440,489171
2019.08.18,00:00,1.05387,1.06158,1.05226,1.05499,392036
2019.08.25,00:00,1.05465,1.06928,1.05306,1.06734,472415
2019.09.01,00:00,1.06605,1.07080,1.06317,1.06528,390778
2019.09.08,00:00,1.06519,1.07954,1.06311,1.07834,280249
2019.09.15,00:00,1.07799,1.08377,1.07472,1.08043,325622
2019.09.22,00:00,1.08037,1.08188,1.07015,1.07423,298218
2019.09.29,00:00,1.07401,1.08043,1.06743,1.07093,299103
2019.10.06,00:00,1.07099,1.07323,1.06644,1.07135,274501
2019.10.13,00:00,1.07113,1.07924,1.06819,1.07301,258413
2019.10.20,00:00,1.07160,1.07472,1.06592,1.07375,212373
2019.10.27,00:00,1.07360,1.08236,1.07136,1.07497,239208
2019.11.03,00:00,1.07424,1.08649,1.07069,1.08334,238331
2019.11.10,00:00,1.08325,1.08371,1.06050,1.06480,216197
2019.11.17,00:00,1.06306,1.06560,1.05718,1.05871,207146
2019.11.24,00:00,1.05853,1.05995,1.05128,1.05249,229143
2019.12.01,00:00,1.05195,1.05258,1.04028,1.04120,262716
2019.12.08,00:00,1.04142,1.04871,1.03874,1.04258,263595
2019.12.15,00:00,1.04200,1.04632,1.03625,1.04473,240227
2019.12.22,00:00,1.04458,1.04644,1.03991,1.04140,157545
2019.12.29,00:00,1.04027,1.04482,1.03908,1.04222,202138
2020.01.05,00:00,1.04219,1.04398,1.03147,1.03928,301716
2020.01.12,00:00,1.03860,1.04580,1.03720,1.03898,237708
2020.01.19,00:00,1.03824,1.04298,1.03176,1.03235,254726
2020.01.26,00:00,1.03332,1.03686,1.03068,1.03392,300554
2020.02.02,00:00,1.03237,1.04461,1.03232,1.04230,299836
2020.02.09,00:00,1.04059,1.05042,1.03961,1.04291,260423
2020.02.16,00:00,1.04214,1.04781,1.04134,1.04300,230981
2020.02.23,00:00,1.04255,1.04619,1.03846,1.04088,389075
2020.03.01,00:00,1.04303,1.05309,1.04073,1.04484,335356
2020.03.08,00:00,1.04352,1.05104,1.01531,1.01691,621613
2020.03.15,00:00,1.02195,1.02616,0.99934,1.01648,666951
2020.03.22,00:00,1.02161,1.02993,1.01184,1.01976,693661
2020.03.29,00:00,1.01866,1.03459,1.01582,1.02260,484623
2020.04.05,00:00,1.02190,1.04557,1.02050,1.04140,292422
2020.04.12,00:00,1.04261,1.06222,1.04055,1.05414,267787
2020.04.19,00:00,1.05113,1.06401,1.04698,1.06222,274745
2020.04.26,00:00,1.05958,1.07503,1.05814,1.05859,203646
2020.05.03,00:00,1.05790,1.06960,1.05711,1.06349,216247
2020.05.10,00:00,1.06201,1.08234,1.06111,1.08064,200433
2020.05.17,00:00,1.08060,1.08297,1.06669,1.07217,176327
2020.05.24,00:00,1.07070,1.07518,1.06591,1.07364,232487
2020.05.31,00:00,1.07419,1.08793,1.06967,1.07055,291193
2020.06.07,00:00,1.06994,1.07271,1.06287,1.06465,314749
2020.06.14,00:00,1.06191,1.07276,1.05809,1.06623,315636
2020.06.21,00:00,1.06631,1.07553,1.06291,1.06797,224597
2020.06.28,00:00,1.06730,1.07166,1.06052,1.06221,211160
2020.07.05,00:00,1.06164,1.06611,1.05647,1.05680,216163
2020.07.12,00:00,1.05734,1.06910,1.05603,1.06674,223555
2020.07.19,00:00,1.06556,1.07532,1.06464,1.06929,211315
2020.07.26,00:00,1.06792,1.07998,1.06705,1.07711,239293
2020.08.02,00:00,1.07398,1.08602,1.07165,1.08423,239107
2020.08.09,00:00,1.08211,1.09619,1.08160,1.09574,196943
2020.08.16,00:00,1.09412,1.10425,1.09287,1.09380,216076
2020.08.23,00:00,1.09374,1.10013,1.08972,1.09256,211044
2020.08.30,00:00,1.09279,1.09584,1.08137,1.08350,246558
2020.09.06,00:00,1.08440,1.09346,1.08316,1.09187,205991
2020.09.13,00:00,1.09166,1.09239,1.07651,1.07814,147997
2020.09.20,00:00,1.07873,1.08492,1.07162,1.07354,177526
2020.09.27,00:00,1.07336,1.08490,1.07255,1.07888,194489
2020.10.04,00:00,1.07765,1.08940,1.07586,1.08486,194883
2020.10.11,00:00,1.08559,1.08604,1.07011,1.07105,201518
2020.10.18,00:00,1.07088,1.07296,1.06436,1.06658,192753
2020.10.25,00:00,1.06674,1.06717,1.05898,1.06247,237131
2020.11.01,00:00,1.06194,1.07587,1.06009,1.07166,279359
2020.11.08,00:00,1.07071,1.07292,1.05460,1.06137,257943
2020.11.15,00:00,1.05928,1.06271,1.05104,1.05355,231748
2020.11.22,00:00,1.05346,1.05620,1.04713,1.05084,194037
2020.11.29,00:00,1.04963,1.05681,1.04168,1.05496,214360
2020.12.06,00:00,1.05417,1.06556,1.05122,1.06292,220625
2020.12.13,00:00,1.06216,1.06931,1.06140,1.06730,191614
2020.12.20,00:00,1.06508,1.07138,1.06441,1.06730,185246
2020.12.27,00:00,1.06639,1.07196,1.06277,1.07083,137496
2021.01.03,00:00,1.07012,1.07333,1.06690,1.07252,309377
2021.01.10,00:00,1.07011,1.08033,1.06986,1.08015,258102
2021.01.17,00:00,1.07838,1.08417,1.07338,1.07418,208954
2021.01.24,00:00,1.07437,1.07509,1.06324,1.06389,305121
2021.01.31,00:00,1.06338,1.06764,1.05398,1.06575,255138
2021.02.07,00:00,1.06561,1.07587,1.06450,1.07475,238158
2021.02.14,00:00,1.07547,1.07954,1.07188,1.07826,396547
2021.02.21,00:00,1.07843,1.08270,1.06391,1.06485,590845
2021.02.28,00:00,1.06419,1.07843,1.06324,1.07223,450056
2021.03.07,00:00,1.07161,1.08179,1.07016,1.08075,453778
2021.03.14,00:00,1.07957,1.08403,1.07419,1.08085,351366
2021.03.21,00:00,1.07930,1.09369,1.07816,1.09142,232789
2021.03.28,00:00,1.08964,1.09461,1.08053,1.08228,189443
2021.04.04,00:00,1.08049,1.08750,1.08049,1.08284,189488
2021.04.11,00:00,1.08156,1.08540,1.07838,1.08229,193830
2021.04.18,00:00,1.08303,1.08346,1.07390,1.07638,186645
2021.04.25,00:00,1.07498,1.08001,1.06923,1.07697,187856
2021.05.02,00:00,1.07571,1.08199,1.07161,1.07678,202403
2021.05.09,00:00,1.07647,1.08120,1.07191,1.07257,206952
2021.05.16,00:00,1.07176,1.08065,1.07166,1.07893,206415
2021.05.23,00:00,1.07509,1.07887,1.05985,1.06309,183720
2021.05.30,00:00,1.05981,1.07560,1.05981,1.07354,188981
2021.06.06,00:00,1.07067,1.08101,1.06962,1.08040,166761
2021.06.13,00:00,1.07887,1.08081,1.07423,1.07874,225753
2021.06.20,00:00,1.07682,1.07985,1.07220,1.07373,239927
2021.06.27,00:00,1.07080,1.07642,1.06940,1.07007,200267
2021.07.04,00:00,1.06818,1.07269,1.06324,1.06969,246759
2021.07.11,00:00,1.06810,1.07383,1.05545,1.05596,235912
2021.07.18,00:00,1.05565,1.06126,1.05418,1.05485,260630
2021.07.25,00:00,1.05417,1.06061,1.05163,1.05288,253411
2021.08.01,00:00,1.05070,1.05647,1.04488,1.04849,257737
2021.08.08,00:00,1.04754,1.05096,1.04523,1.04669,202843
2021.08.15,00:00,1.04582,1.05392,1.04171,1.04409,269164
2021.08.22,00:00,1.04317,1.04702,1.04031,1.04230,257700
2021.08.29,00:00,1.04247,1.04433,1.03460,1.04120,207397
