1999.08.01,0:00,1.61,1.6205,1.5917,1.6151,1463
1999.08.08,0:00,1.59,1.6192,1.5589,1.56,2302
1999.08.15,0:00,1.5617,1.5997,1.5497,1.5949,1265
1999.08.22,0:00,1.5955,1.5966,1.554,1.5572,1399
1999.08.29,0:00,1.5579,1.6045,1.5526,1.5808,1792
1999.09.05,0:00,1.5735,1.5915,1.526,1.5283,1384
1999.09.12,0:00,1.5275,1.5608,1.5131,1.5327,1761
1999.09.19,0:00,1.5302,1.5518,1.5274,1.5465,1009
1999.09.26,0:00,1.5354,1.5867,1.5262,1.5838,1299
1999.10.03,0:00,1.5796,1.5888,1.5624,1.5628,1316
1999.10.10,0:00,1.561,1.6229,1.561,1.6178,1252
1999.10.17,0:00,1.6215,1.6245,1.5731,1.5778,1277
1999.10.24,0:00,1.5784,1.6026,1.5369,1.5469,2109
1999.10.31,0:00,1.5505,1.5794,1.5106,1.529,1734
1999.11.07,0:00,1.5318,1.5379,1.5046,1.509,1052
1999.11.14,0:00,1.5065,1.539,1.4965,1.5054,1603
1999.11.21,0:00,1.5054,1.5184,1.4792,1.4928,1239
1999.11.28,0:00,1.4894,1.5075,1.4717,1.4817,2044
1999.12.05,0:00,1.4822,1.5488,1.4719,1.4957,2272
1999.12.12,0:00,1.4952,1.5074,1.4835,1.4984,778
1999.12.19,0:00,1.4882,1.5034,1.4816,1.4935,792
2000.01.02,0:00,1.4574,1.519,1.45,1.4987,1992
2000.01.09,0:00,1.497,1.5108,1.4664,1.4668,1432
2000.01.16,0:00,1.4668,1.4734,1.4534,1.4706,826
2000.01.23,0:00,1.4429,1.4594,1.403,1.4099,1396
2000.01.30,0:00,1.4128,1.4326,1.3977,1.4143,1589
2000.02.06,0:00,1.4156,1.439,1.402,1.4313,1527
2000.02.13,0:00,1.4291,1.445,1.4224,1.4271,1229
2000.02.20,0:00,1.4358,1.4771,1.4351,1.4423,1551
2000.02.27,0:00,1.39,1.4285,1.39,1.4046,1397
2000.03.05,0:00,1.3887,1.4121,1.384,1.4029,1382
2000.03.12,0:00,1.4026,1.433,1.4007,1.4284,1211
2000.03.19,0:00,1.4293,1.4319,1.4064,1.4283,1284
2000.03.26,0:00,1.4285,1.4307,1.3796,1.3836,1884
2000.04.02,0:00,1.3851,1.4174,1.3778,1.3902,2093
2000.04.09,0:00,1.3908,1.4226,1.39,1.4208,1372
2000.04.16,0:00,1.4239,1.4313,1.3737,1.3823,1525
2000.04.23,0:00,1.3819,1.3938,1.3387,1.3432,1414
2000.04.30,0:00,1.3491,1.3555,1.3201,1.3358,1638
2000.05.07,0:00,1.3362,1.3683,1.3291,1.3639,2146
2000.05.14,0:00,1.3633,1.3661,1.3189,1.344,1595
2000.05.21,0:00,1.3421,1.4046,1.3377,1.3986,1746
2000.05.28,0:00,1.3891,1.4104,1.3824,1.3945,1389
2000.06.04,0:00,1.3956,1.4324,1.3877,1.4052,1842
2000.06.11,0:00,1.4053,1.4203,1.3936,1.4119,1537
2000.06.18,0:00,1.4129,1.4231,1.3787,1.3862,1920
2000.06.25,0:00,1.3874,1.4249,1.3822,1.408,1322
2000.07.02,0:00,1.4078,1.4357,1.3979,1.4017,1446
2000.07.09,0:00,1.404,1.4134,1.3811,1.3916,1152
2000.07.16,0:00,1.3918,1.3987,1.3542,1.3751,1724
2000.07.23,0:00,1.377,1.387,1.3611,1.3627,1121
2000.07.30,0:00,1.3645,1.3814,1.3262,1.3508,2143
2000.08.06,0:00,1.3502,1.358,1.3283,1.3398,1141
2000.08.13,0:00,1.3405,1.36,1.3296,1.3373,1399
2000.08.20,0:00,1.3382,1.3494,1.3192,1.3365,1179
2000.08.27,0:00,1.3374,1.3494,1.3002,1.3252,1316
2000.09.03,0:00,1.3217,1.3335,1.271,1.2786,2217
2000.09.10,0:00,1.27,1.2979,1.2654,1.2832,1225
2000.09.17,0:00,1.2639,1.3413,1.2492,1.3033,2763
2000.09.24,0:00,1.3086,1.3303,1.2972,1.3173,1414
2000.10.01,0:00,1.328,1.3392,1.2915,1.3044,1540
2000.10.08,0:00,1.304,1.3194,1.2853,1.2886,1682
2000.10.15,0:00,1.2888,1.3086,1.2604,1.2724,2408
2000.10.22,0:00,1.271,1.2879,1.243,1.2821,1755
2000.10.29,0:00,1.2858,1.3442,1.2779,1.3272,2139
2000.11.05,0:00,1.326,1.3494,1.3027,1.3267,2452
2000.11.12,0:00,1.3303,1.3393,1.3169,1.33,786
2000.11.19,0:00,1.3077,1.3278,1.289,1.289,1243
2000.11.26,0:00,1.291,1.3603,1.2885,1.3586,2169
2000.12.03,0:00,1.3579,1.3866,1.3367,1.3426,2201
2000.12.10,0:00,1.3374,1.3592,1.33,1.3419,914
2000.12.31,0:00,1.4088,1.4413,1.3876,1.4344,1016
2001.01.07,0:00,1.4353,1.4357,1.4013,1.427,1370
2001.01.14,0:00,1.4168,1.4369,1.4032,1.4248,1074
2001.01.21,0:00,1.4116,1.4237,1.3786,1.3892,1682
2001.01.28,0:00,1.3909,1.4138,1.3721,1.3997,1585
2001.02.04,0:00,1.3985,1.4207,1.3793,1.3962,1491
2001.02.11,0:00,1.3971,1.4196,1.379,1.4068,1872
2001.02.18,0:00,1.4123,1.4347,1.382,1.4087,2143
2001.02.25,0:00,1.4106,1.4524,1.385,1.445,1568
2001.03.04,0:00,1.4449,1.4521,1.4245,1.443,1236
2001.03.11,0:00,1.4414,1.4453,1.3927,1.4059,1736
2001.03.18,0:00,1.4056,1.4278,1.3815,1.3912,1780
2001.03.25,0:00,1.3928,1.4081,1.3738,1.3826,1360
2001.04.01,0:00,1.3776,1.4313,1.3776,1.4133,1384
2001.04.08,0:00,1.4018,1.4053,1.3744,1.3933,877
2001.04.15,0:00,1.3879,1.3969,1.3641,1.3953,1985
2001.04.22,0:00,1.3922,1.4019,1.3698,1.375,1581
2001.04.29,0:00,1.3751,1.3768,1.3516,1.3693,1266
2001.05.06,0:00,1.3703,1.3743,1.348,1.3565,1309
2001.05.13,0:00,1.3563,1.3694,1.3427,1.3506,1076
2001.05.20,0:00,1.3474,1.3504,1.3196,1.3298,1249
2001.05.27,0:00,1.3272,1.3294,1.2919,1.3017,721
2001.06.03,0:00,1.2984,1.3096,1.2839,1.2908,1060
2001.06.10,0:00,1.2904,1.3255,1.2759,1.3122,1648
2001.06.17,0:00,1.3145,1.3222,1.2862,1.3048,1682
2001.06.24,0:00,1.3037,1.3126,1.2809,1.2865,1373
2001.07.01,0:00,1.2871,1.2995,1.2577,1.2898,1719
2001.07.08,0:00,1.289,1.3171,1.2753,1.3125,1488
2001.07.15,0:00,1.3114,1.3573,1.3005,1.3432,2131
2001.07.22,0:00,1.3424,1.3568,1.3321,1.3428,1392
2001.07.29,0:00,1.3417,1.3639,1.3296,1.3508,1372
2001.08.05,0:00,1.35,1.3798,1.3353,1.3735,1456
2001.08.12,0:00,1.3753,1.4176,1.3683,1.4143,1736
2001.08.19,0:00,1.4145,1.4211,1.3986,1.4071,1037
2001.08.26,0:00,1.4066,1.4296,1.3857,1.4146,1938
2001.09.02,0:00,1.4071,1.4205,1.3713,1.4194,1744
2001.09.09,0:00,1.4189,1.4505,1.3954,1.4389,2135
2001.09.16,0:00,1.4446,1.4711,1.4201,1.4361,2469
2001.09.23,0:00,1.4342,1.4661,1.4297,1.4383,1800
2001.09.30,0:00,1.4416,1.4494,1.4269,1.4334,1066
2001.10.07,0:00,1.4356,1.4438,1.3962,1.4113,1321
2001.10.14,0:00,1.4236,1.4354,1.4079,1.4142,1239
2001.10.21,0:00,1.4149,1.4173,1.3944,1.4058,1096
2001.10.28,0:00,1.4236,1.45,1.4198,1.4352,1120
2001.11.04,0:00,1.4335,1.4402,1.3819,1.4328,1904
2001.11.11,0:00,1.4329,1.4455,1.3936,1.4047,1522
2001.11.18,0:00,1.4041,1.4098,1.3882,1.4024,862
2001.11.25,0:00,1.403,1.4139,1.3963,1.4087,1132
2001.12.02,0:00,1.4058,1.411,1.3864,1.3999,1268
2001.12.09,0:00,1.3998,1.4186,1.3907,1.4067,744
2001.12.30,0:00,1.4157,1.4459,1.4143,1.4272,830
2002.01.06,0:00,1.4268,1.4408,1.3925,1.4234,1987
2002.01.13,0:00,1.4228,1.4353,1.3939,1.4263,1280
2002.01.20,0:00,1.4226,1.4307,1.3808,1.3927,1162
2002.01.27,0:00,1.392,1.3949,1.3525,1.3695,1731
2002.02.03,0:00,1.3697,1.3998,1.3697,1.3936,1138
2002.02.10,0:00,1.3901,1.4137,1.3783,1.3873,1618
2002.02.17,0:00,1.3877,1.4003,1.372,1.3985,1017
2002.02.24,0:00,1.398,1.3995,1.3746,1.3769,999
2002.03.03,0:00,1.3768,1.3989,1.3734,1.385,988
2002.03.10,0:00,1.3844,1.4102,1.3802,1.3972,844
2002.03.17,0:00,1.3964,1.404,1.3712,1.3825,1248
2002.03.24,0:00,1.3827,1.4002,1.3816,1.3903,534
2002.03.31,0:00,1.3895,1.4105,1.3882,1.3981,1132
2002.04.07,0:00,1.3961,1.4073,1.3892,1.3947,890
2002.04.14,0:00,1.394,1.4072,1.3849,1.4016,1222
2002.04.21,0:00,1.3973,1.4094,1.3923,1.4077,739
2002.04.28,0:00,1.4069,1.4364,1.4046,1.4351,907
2002.05.05,0:00,1.4309,1.4403,1.4181,1.424,999
2002.05.12,0:00,1.4206,1.4278,1.4014,1.4214,1077
2002.05.19,0:00,1.4228,1.4262,1.409,1.4111,801
2002.05.26,0:00,1.4097,1.4492,1.4063,1.4262,1328
2002.06.02,0:00,1.425,1.4529,1.4226,1.4439,884
2002.06.09,0:00,1.4434,1.4765,1.4368,1.4614,1429
2002.06.16,0:00,1.4602,1.4896,1.451,1.4746,1829
2002.06.23,0:00,1.4756,1.5124,1.4527,1.502,2196
2002.06.30,0:00,1.505,1.511,1.4806,1.4827,1447
2002.07.07,0:00,1.4818,1.5303,1.4815,1.5182,2184
2002.07.14,0:00,1.5202,1.5958,1.5185,1.5592,2308
2002.07.21,0:00,1.5605,1.5876,1.5425,1.5612,2718
2002.07.28,0:00,1.5643,1.5757,1.5354,1.5612,1744
2002.08.04,0:00,1.5627,1.574,1.5153,1.5239,1896
2002.08.11,0:00,1.5318,1.5444,1.5128,1.5371,1877
2002.08.18,0:00,1.5316,1.5408,1.5037,1.5126,1706
2002.08.25,0:00,1.5115,1.5455,1.5077,1.5292,1688
2002.09.01,0:00,1.53,1.5696,1.5268,1.5291,1889
2002.09.08,0:00,1.5293,1.5625,1.5221,1.5353,1928
2002.09.15,0:00,1.5275,1.5623,1.5145,1.5441,2238
2002.09.22,0:00,1.5461,1.5633,1.5335,1.5456,2012
2002.09.29,0:00,1.5306,1.5762,1.5306,1.5581,1692
2002.10.06,0:00,1.5569,1.5825,1.5485,1.5659,1355
2002.10.13,0:00,1.5678,1.5845,1.5205,1.5292,1394
2002.10.20,0:00,1.527,1.537,1.5165,1.5291,1099
2002.10.27,0:00,1.5284,1.5656,1.5165,1.5515,2231
2002.11.03,0:00,1.5517,1.5903,1.5387,1.5853,2204
2002.11.10,0:00,1.5825,1.6083,1.5623,1.5981,2681
2002.11.17,0:00,1.5972,1.6109,1.5532,1.5714,3942
2002.11.24,0:00,1.5711,1.5963,1.5425,1.5548,2601
2002.12.01,0:00,1.5562,1.5966,1.5413,1.5795,2285
2002.12.08,0:00,1.5792,1.6049,1.5401,1.5979,2793
2002.12.29,0:00,1.6492,1.6676,1.5981,1.63,2555
2003.01.05,0:00,1.6293,1.6478,1.5995,1.6336,3300
2003.01.12,0:00,1.6334,1.6397,1.6124,1.6373,1816
2003.01.19,0:00,1.6365,1.6511,1.6263,1.6433,1705
2003.01.26,0:00,1.6437,1.6649,1.6291,1.6366,1694
2003.02.02,0:00,1.634,1.6573,1.6234,1.6459,1859
2003.02.09,0:00,1.6443,1.6538,1.6299,1.642,1574
2003.02.16,0:00,1.641,1.6419,1.6143,1.6197,1219
2003.02.23,0:00,1.6201,1.6318,1.5949,1.6009,1768
2003.03.02,0:00,1.6023,1.6322,1.5936,1.613,2048
2003.03.09,0:00,1.6122,1.6332,1.5741,1.5831,1717
2003.03.16,0:00,1.5823,1.6013,1.5583,1.5706,2102
2003.03.23,0:00,1.5709,1.6042,1.552,1.5866,3089
2003.03.30,0:00,1.5867,1.6186,1.5716,1.5801,2143
2003.04.06,0:00,1.5797,1.5876,1.5559,1.5621,2170
2003.04.13,0:00,1.5605,1.593,1.5561,1.5771,1406
2003.04.20,0:00,1.5765,1.6149,1.5751,1.5956,1230
2003.04.27,0:00,1.5955,1.6114,1.587,1.5928,1213
2003.05.04,0:00,1.592,1.6096,1.5793,1.599,1383
2003.05.11,0:00,1.599,1.6137,1.5686,1.5839,1837
2003.05.18,0:00,1.5818,1.6324,1.5705,1.6248,2157
2003.05.25,0:00,1.6254,1.6328,1.6077,1.6097,1369
2003.06.01,0:00,1.6089,1.6138,1.5796,1.5883,1480
2003.06.08,0:00,1.587,1.6029,1.5795,1.5824,1328
2003.06.15,0:00,1.5819,1.5902,1.5512,1.5784,1542
2003.06.22,0:00,1.5772,1.5807,1.5367,1.5406,1588
2003.06.29,0:00,1.5399,1.5692,1.5294,1.5379,1492
2003.07.06,0:00,1.538,1.5762,1.5225,1.5525,1282
2003.07.13,0:00,1.5525,1.592,1.5427,1.5834,1328
2003.07.20,0:00,1.5834,1.6173,1.5817,1.5872,1763
2003.07.27,0:00,1.5872,1.6061,1.5715,1.576,1283
2003.08.03,0:00,1.5766,1.6016,1.5661,1.5739,1329
2003.08.10,0:00,1.5728,1.5806,1.5533,1.5622,47587
2003.08.17,0:00,1.5577,1.5655,1.5229,1.5238,43728
2003.08.24,0:00,1.5235,1.535,1.5115,1.524,43202
2003.08.31,0:00,1.5228,1.5252,1.4892,1.5006,23345
2003.09.07,0:00,1.5366,1.547,1.5296,1.5421,3869
2003.09.21,0:00,1.5386,1.5593,1.5336,1.5554,19423
2003.09.28,0:00,1.57,1.5851,1.5539,1.5566,19625
2003.10.05,0:00,1.557,1.5774,1.5542,1.5589,26137
2003.10.12,0:00,1.5581,1.5608,1.5241,1.5369,26087
2003.10.19,0:00,1.5337,1.5417,1.532,1.5349,4133
2003.11.02,0:00,1.5287,1.5407,1.5102,1.5234,23026
2003.11.09,0:00,1.5223,1.5351,1.5014,1.5342,16513
2003.11.16,0:00,1.5384,1.5595,1.5354,1.5517,22197
2003.11.23,0:00,1.5517,1.5622,1.5404,1.5599,26981
2003.11.30,0:00,1.5637,1.5912,1.56,1.5887,16448
2003.12.07,0:00,1.5886,1.6041,1.5831,1.5951,7271
2003.12.28,0:00,1.6279,1.6337,1.6198,1.6209,5111
2004.01.04,0:00,1.6237,1.6431,1.6178,1.6302,36348
2004.01.11,0:00,1.6313,1.6396,1.6053,1.6094,41943
2004.01.18,0:00,1.609,1.671,1.6057,1.6522,45632
2004.01.25,0:00,1.6521,1.6708,1.6316,1.6536,50025
2004.02.01,0:00,1.6538,1.6904,1.649,1.6819,39057
2004.02.08,0:00,1.6757,1.6966,1.6722,1.6773,41132
2004.02.15,0:00,1.6764,1.6984,1.6707,1.6734,46677
2004.02.22,0:00,1.6738,1.6892,1.6616,1.6668,53316
2004.02.29,0:00,1.6689,1.6749,1.6209,1.6347,54991
2004.03.07,0:00,1.635,1.6459,1.6137,1.6293,52923
2004.03.14,0:00,1.6305,1.653,1.6251,1.6405,51158
2004.03.21,0:00,1.6378,1.6474,1.5936,1.5982,45664
2004.03.28,0:00,1.5979,1.63,1.5856,1.5954,43995
2004.04.04,0:00,1.5913,1.6099,1.5725,1.6079,34605
2004.04.11,0:00,1.6065,1.6208,1.5882,1.6127,39339
2004.04.18,0:00,1.6168,1.6246,1.6008,1.6122,40866
2004.04.25,0:00,1.6068,1.6523,1.5978,1.6437,39647
2004.05.02,0:00,1.6457,1.676,1.6357,1.6427,36634
2004.05.09,0:00,1.6447,1.6585,1.6371,1.6516,35171
2004.05.16,0:00,1.6539,1.6817,1.6286,1.6451,40972
2004.05.23,0:00,1.6452,1.6713,1.6339,1.6651,40197
2004.05.30,0:00,1.666,1.6789,1.6503,1.6592,34699
2004.06.06,0:00,1.6596,1.6671,1.6315,1.6374,32303
2004.06.13,0:00,1.6343,1.668,1.6333,1.6552,38477
2004.06.20,0:00,1.6553,1.6564,1.6293,1.6435,44703
2004.06.27,0:00,1.6434,1.6471,1.613,1.6301,69717
2004.07.04,0:00,1.6315,1.6406,1.6214,1.6365,68583
2004.07.11,0:00,1.6354,1.6425,1.6218,1.6331,75272
2004.07.18,0:00,1.6299,1.6312,1.5966,1.5976,78182
2004.07.25,0:00,1.5995,1.6261,1.5904,1.6004,89103
2004.08.01,0:00,1.6016,1.6136,1.5782,1.6117,78369
2004.08.08,0:00,1.6102,1.6342,1.6081,1.6191,72319
2004.08.15,0:00,1.6197,1.6244,1.594,1.5992,62955
2004.08.22,0:00,1.5976,1.6011,1.5725,1.5775,62509
2004.08.29,0:00,1.5777,1.6078,1.5646,1.568,53292
2004.09.05,0:00,1.5688,1.5872,1.5525,1.5834,55566
2004.09.12,0:00,1.5835,1.5989,1.5665,1.58,54417
2004.09.19,0:00,1.5802,1.5925,1.5608,1.5638,61929
2004.09.26,0:00,1.5662,1.5804,1.5618,1.566,48936
2004.10.03,0:00,1.5663,1.5678,1.541,1.5527,58881
2004.10.10,0:00,1.5534,1.5692,1.5456,1.5624,46500
2004.10.17,0:00,1.5642,1.5792,1.558,1.5648,69731
2004.10.24,0:00,1.5667,1.5703,1.5495,1.5587,65809
2004.10.31,0:00,1.5617,1.5634,1.5443,1.5524,59175
2004.11.07,0:00,1.5496,1.5549,1.5379,1.5472,59261
2004.11.14,0:00,1.5482,1.5707,1.5453,1.5558,59311
2004.11.21,0:00,1.5562,1.5673,1.5415,1.5659,54821
2004.11.28,0:00,1.5649,1.6102,1.5603,1.6015,70241
2004.12.05,0:00,1.6015,1.6323,1.5992,1.621,62773
2004.12.12,0:00,1.6189,1.6535,1.6157,1.6408,42094
2005.01.02,0:00,1.6294,1.6368,1.6055,1.6076,57180
2005.01.09,0:00,1.6108,1.6123,1.5827,1.5969,64639
2005.01.16,0:00,1.5956,1.6019,1.5867,1.594,58866
2005.01.23,0:00,1.5938,1.6226,1.5885,1.6153,58636
2005.01.30,0:00,1.6143,1.6208,1.6048,1.6077,53097
2005.02.06,0:00,1.6061,1.6135,1.5897,1.5906,51119
2005.02.13,0:00,1.5928,1.6173,1.5897,1.6097,51860
2005.02.20,0:00,1.6081,1.6552,1.603,1.6402,54526
2005.02.27,0:00,1.6406,1.6429,1.625,1.6302,53948
2005.03.06,0:00,1.6305,1.6333,1.6085,1.6234,65134
2005.03.13,0:00,1.6202,1.6232,1.5978,1.6026,26295
2005.03.20,0:00,1.6001,1.6038,1.5697,1.5784,35690
2005.03.27,0:00,1.5787,1.5803,1.5621,1.5683,55624
2005.04.03,0:00,1.5675,1.5904,1.564,1.5888,58282
2005.04.10,0:00,1.5887,1.612,1.5841,1.6113,55890
2005.04.17,0:00,1.6094,1.6291,1.6051,1.613,58735
2005.04.24,0:00,1.6103,1.626,1.6036,1.6197,50281
2005.05.01,0:00,1.6195,1.6244,1.5885,1.5925,43450
2005.05.08,0:00,1.5916,1.6046,1.582,1.5985,48278
2005.05.15,0:00,1.5977,1.6086,1.5837,1.5901,47068
2005.05.22,0:00,1.5881,1.5962,1.574,1.5783,41747
2005.05.29,0:00,1.575,1.5783,1.5179,1.5256,52036
2005.06.05,0:00,1.5254,1.5401,1.5111,1.5167,46136
2005.06.12,0:00,1.5148,1.5266,1.4922,1.5105,52070
2005.06.19,0:00,1.5009,1.5086,1.4767,1.4918,50731
2005.06.26,0:00,1.4933,1.5081,1.477,1.4856,52243
2005.07.03,0:00,1.4853,1.4895,1.4528,1.4586,50668
2005.07.10,0:00,1.459,1.4797,1.4509,1.4688,54041
2005.07.17,0:00,1.4679,1.4899,1.4594,1.4711,54616
2005.07.24,0:00,1.4702,1.4995,1.4639,1.4829,51012
2005.07.31,0:00,1.482,1.5146,1.4744,1.5029,54189
2005.08.07,0:00,1.5008,1.5098,1.4819,1.4891,49670
2005.08.14,0:00,1.489,1.4903,1.4718,1.4719,47658
2005.08.21,0:00,1.4718,1.478,1.4573,1.4736,46976
2005.08.28,0:00,1.4704,1.4914,1.4512,1.4884,55047
2005.09.04,0:00,1.4889,1.4943,1.4568,1.4612,50733
2005.09.11,0:00,1.4585,1.4613,1.4408,1.4422,53967
2005.09.18,0:00,1.4369,1.4373,1.4087,1.4089,52353
2005.09.25,0:00,1.4107,1.4203,1.3939,1.3981,54393
2005.10.02,0:00,1.3964,1.4399,1.3847,1.4235,52911
2005.10.09,0:00,1.4234,1.4348,1.4019,1.4326,47383
2005.10.16,0:00,1.4318,1.4352,1.4006,1.4192,53478
2005.10.23,0:00,1.4186,1.428,1.4084,1.4203,52331
2005.10.30,0:00,1.4199,1.4249,1.3891,1.3976,51306
2005.11.06,0:00,1.3988,1.4051,1.388,1.3954,50540
2005.11.13,0:00,1.3945,1.4029,1.3862,1.3989,51621
2005.11.20,0:00,1.3992,1.4062,1.3673,1.3713,43753
2005.11.27,0:00,1.3688,1.3873,1.3569,1.361,49218
2005.12.04,0:00,1.3586,1.3726,1.3541,1.3666,40981
2005.12.11,0:00,1.3653,1.3883,1.3642,1.3804,27294
2006.01.01,0:00,1.3823,1.4208,1.3714,1.4158,45937
2006.01.08,0:00,1.4153,1.4186,1.3956,1.4084,47715
2006.01.15,0:00,1.4081,1.4249,1.3925,1.3982,48063
2006.01.22,0:00,1.4012,1.4218,1.3871,1.3898,53709
2006.01.29,0:00,1.3899,1.393,1.3737,1.3756,38269
2006.02.05,0:00,1.3745,1.384,1.3677,1.3715,39876
2006.02.12,0:00,1.3719,1.3797,1.368,1.3725,35158
2006.02.19,0:00,1.3718,1.3776,1.3617,1.3633,34724
2006.02.26,0:00,1.364,1.3669,1.3494,1.3658,40240
2006.03.05,0:00,1.3674,1.3869,1.3598,1.3812,42961
2006.03.12,0:00,1.3825,1.4139,1.3824,1.4117,42841
2006.03.19,0:00,1.4113,1.4223,1.3924,1.4048,48407
2006.03.26,0:00,1.4058,1.4169,1.4,1.4146,50984
2006.04.02,0:00,1.4159,1.4362,1.387,1.3895,56538
2006.04.09,0:00,1.39,1.3961,1.3834,1.3943,37553
2006.04.16,0:00,1.3955,1.411,1.3946,1.4031,51737
2006.04.23,0:00,1.4047,1.416,1.3988,1.4105,53043
2006.04.30,0:00,1.4106,1.4154,1.3909,1.4067,47914
2006.05.07,0:00,1.4086,1.4341,1.3998,1.4339,20607
2006.05.14,0:00,1.4352,1.441,1.4132,1.428,25070
2006.05.21,0:00,1.4296,1.4457,1.4061,1.4082,65213
2006.05.28,0:00,1.405,1.4229,1.4042,1.4218,20696
2006.06.04,0:00,1.4235,1.4321,1.3961,1.3979,17361
2006.06.11,0:00,1.3951,1.4203,1.3804,1.4189,20112
2006.06.18,0:00,1.419,1.4201,1.3962,1.4039,25147
2006.06.25,0:00,1.4007,1.4285,1.3949,1.4272,26189
2006.07.02,0:00,1.4262,1.4308,1.4099,1.4263,26060
2006.07.09,0:00,1.4273,1.4471,1.4236,1.4273,26177
2006.07.16,0:00,1.4249,1.4453,1.4134,1.4441,28945
2006.07.23,0:00,1.4448,1.4471,1.4289,1.4436,30131
2006.07.30,0:00,1.4421,1.4587,1.4323,1.4507,18770
2006.08.06,0:00,1.4516,1.4519,1.4243,1.4307,18914
2006.08.13,0:00,1.4306,1.444,1.4277,1.4432,18555
2006.08.20,0:00,1.4434,1.4475,1.4098,1.4141,18449
2006.08.27,0:00,1.414,1.4272,1.4102,1.4168,17707
2006.09.03,0:00,1.4183,1.427,1.4057,1.4196,17402
2006.09.10,0:00,1.4197,1.4262,1.4126,1.417,18013
2006.09.17,0:00,1.4139,1.4343,1.4129,1.4282,19677
2006.09.24,0:00,1.4289,1.4317,1.4076,1.4164,16595
2006.10.01,0:00,1.4174,1.4332,1.4147,1.4178,23007
2006.10.08,0:00,1.4176,1.4271,1.4121,1.4233,39497
2006.10.15,0:00,1.4211,1.4318,1.4141,1.4186,35420
2006.10.22,0:00,1.4188,1.4311,1.4121,1.426,37811
2006.10.29,0:00,1.4249,1.4521,1.4218,1.4363,39491
2006.11.05,0:00,1.4352,1.456,1.4347,1.4536,41027
2006.11.12,0:00,1.4532,1.4717,1.4519,1.4709,43504
2006.11.19,0:00,1.4699,1.489,1.4663,1.4852,40714
2006.11.26,0:00,1.4891,1.5273,1.483,1.5265,50256
2006.12.03,0:00,1.5274,1.5336,1.5145,1.517,49969
2006.12.10,0:00,1.5147,1.5314,1.5093,1.5307,20738
2007.05.06,0:00,1.4961,1.5076,1.4947,1.5016,10870
2007.05.13,0:00,1.503,1.5061,1.4692,1.4702,38014
2007.05.20,0:00,1.4721,1.4734,1.4499,1.4519,35699
2007.05.27,0:00,1.4518,1.4623,1.4239,1.4263,34275
2007.06.03,0:00,1.4264,1.4385,1.4148,1.4182,41197
2007.06.10,0:00,1.4175,1.4296,1.4136,1.4292,34685
2007.06.17,0:00,1.4292,1.4424,1.4241,1.4387,38277
2007.06.24,0:00,1.4389,1.4438,1.4121,1.4423,41655
2007.07.01,0:00,1.439,1.446,1.4257,1.4296,35012
2007.07.08,0:00,1.4293,1.4587,1.4234,1.4437,41772
2007.07.15,0:00,1.4441,1.4506,1.4351,1.4497,44560
2007.07.22,0:00,1.4499,1.4562,1.4243,1.4509,58088
2007.07.29,0:00,1.4489,1.4641,1.4363,1.4554,65559
2007.08.05,0:00,1.4617,1.4627,1.4389,1.4418,56982
2007.08.12,0:00,1.4422,1.4548,1.4254,1.4278,96828
2007.08.19,0:00,1.43,1.4402,1.4197,1.4384,69311
2007.08.26,0:00,1.4378,1.4532,1.4302,1.4384,64248
2007.09.02,0:00,1.4384,1.455,1.4262,1.4523,50579
2007.09.09,0:00,1.4528,1.4592,1.4243,1.4287,66774
2007.09.16,0:00,1.4285,1.4296,1.401,1.4098,74858
2007.09.23,0:00,1.4085,1.4258,1.4054,1.4152,66694
2007.09.30,0:00,1.4173,1.4189,1.3843,1.3857,65005
2007.10.07,0:00,1.3858,1.392,1.3771,1.3776,46014
2007.10.14,0:00,1.3769,1.3967,1.3731,1.3824,52976
2007.10.21,0:00,1.3823,1.3945,1.3714,1.3845,61289
2007.10.28,0:00,1.3856,1.3856,1.3496,1.3563,61524
2007.11.04,0:00,1.3583,1.3866,1.3285,1.3866,73697
2007.11.11,0:00,1.3865,1.4449,1.3815,1.427,80757
2007.11.18,0:00,1.4305,1.4708,1.4197,1.4659,64702
2007.11.25,0:00,1.4621,1.4846,1.4502,1.4623,69457
2007.12.02,0:00,1.4637,1.5028,1.4611,1.4731,66971
2007.12.09,0:00,1.4714,1.4953,1.4613,1.4672,65623
2007.12.16,0:00,1.4656,1.471,1.4225,1.4257,63216
2007.12.23,0:00,1.4249,1.4455,1.4169,1.4451,19419
2007.12.30,0:00,1.4425,1.4824,1.4381,1.4779,38352
2008.01.06,0:00,1.4787,1.5111,1.4665,1.5052,70682
2008.01.13,0:00,1.5101,1.5198,1.4878,1.5016,78363
2008.01.20,0:00,1.4979,1.5079,1.4728,1.4798,94454
2008.01.27,0:00,1.4804,1.4958,1.4669,1.4729,77026
2008.02.03,0:00,1.4705,1.4836,1.4406,1.4489,73204
2008.02.10,0:00,1.4513,1.4821,1.4466,1.4779,65379
2008.02.17,0:00,1.4802,1.5072,1.4703,1.5015,68562
2008.02.24,0:00,1.5019,1.5027,1.4642,1.4993,76514
2008.03.02,0:00,1.4998,1.5232,1.4929,1.5211,73345
2008.03.09,0:00,1.524,1.5518,1.515,1.5498,85584
2008.03.16,0:00,1.5487,1.5931,1.5459,1.579,90050
2008.03.23,0:00,1.581,1.6184,1.5614,1.6148,94653
2008.03.30,0:00,1.6156,1.6322,1.5701,1.5868,103216
2008.04.06,0:00,1.5874,1.621,1.571,1.6175,85960
2008.04.13,0:00,1.6125,1.6252,1.5793,1.588,94979
2008.04.20,0:00,1.5888,1.6264,1.5819,1.5842,97800
2008.04.27,0:00,1.581,1.5926,1.5618,1.572,95307
2008.05.04,0:00,1.5729,1.5773,1.5394,1.5558,88493
2008.05.11,0:00,1.5559,1.5663,1.539,1.5561,90487
2008.05.18,0:00,1.5584,1.5606,1.5356,1.5598,77306
2008.05.25,0:00,1.5577,1.5663,1.5278,1.5449,76138
2008.06.01,0:00,1.5488,1.6085,1.5425,1.6084,92789
2008.06.08,0:00,1.608,1.6147,1.5686,1.5827,97548
2008.06.15,0:00,1.5849,1.5932,1.5661,1.5858,78567
2008.06.22,0:00,1.5877,1.5981,1.5718,1.5961,79756
2008.06.29,0:00,1.5954,1.6181,1.59,1.6012,89884
2008.07.06,0:00,1.5988,1.6098,1.5861,1.6082,94218
2008.07.13,0:00,1.6075,1.6079,1.5826,1.5935,99903
2008.07.20,0:00,1.5942,1.6018,1.5798,1.6016,93707
2008.07.27,0:00,1.5993,1.6138,1.5908,1.5984,87597
2008.08.03,0:00,1.5988,1.6221,1.5978,1.6002,99791
2008.08.10,0:00,1.5955,1.6047,1.5528,1.5554,117694
2008.08.17,0:00,1.5558,1.5715,1.5439,1.5486,122480
2008.08.24,0:00,1.5498,1.5621,1.5259,1.5609,102851
2008.08.31,0:00,1.5611,1.5647,1.5107,1.515,125473
2008.09.07,0:00,1.5189,1.5242,1.4921,1.5068,150465
2008.09.14,0:00,1.5203,1.547,1.5019,1.5132,207890
2008.09.21,0:00,1.5174,1.5352,1.5071,1.5101,140724
2008.09.28,0:00,1.5044,1.513,1.4739,1.4906,181908
2008.10.05,0:00,1.478,1.613,1.4716,1.5728,249607
2008.10.12,0:00,1.5868,1.6117,1.5509,1.5855,236408
2008.10.19,0:00,1.585,1.6297,1.5662,1.6122,244624
2008.10.26,0:00,1.6031,1.6369,1.5237,1.5434,319190
2008.11.02,0:00,1.5461,1.5477,1.4821,1.5121,256765
2008.11.09,0:00,1.5143,1.5658,1.5001,1.5589,257088
2008.11.16,0:00,1.5515,1.6224,1.5413,1.594,235422
2008.11.23,0:00,1.5967,1.6191,1.5651,1.5721,192726
2008.11.30,0:00,1.5698,1.6477,1.5554,1.6164,137797
2008.12.07,0:00,1.6202,1.6735,1.6045,1.6678,129953
2008.12.14,0:00,1.6681,1.7499,1.6518,1.6902,209236
2008.12.21,0:00,1.6951,1.7203,1.675,1.7123,78400
2008.12.28,0:00,1.7165,1.7492,1.6753,1.6765,84350
2009.01.04,0:00,1.6735,1.69,1.5752,1.5967,173761
2009.01.11,0:00,1.6012,1.6642,1.5926,1.6488,263774
2009.01.18,0:00,1.6527,1.6582,1.5922,1.595,264107
2009.01.25,0:00,1.5933,1.6283,1.5646,1.5743,528722
2009.02.01,0:00,1.5645,1.6106,1.5635,1.5768,594461
2009.02.08,0:00,1.5804,1.6239,1.567,1.5888,258973
2009.02.15,0:00,1.5845,1.6141,1.5763,1.6056,169523
2009.02.22,0:00,1.6035,1.6163,1.5797,1.6152,169753
2009.03.01,0:00,1.612,1.6364,1.6018,1.6285,179781
2009.03.08,0:00,1.6271,1.6562,1.6218,1.6439,193197
2009.03.15,0:00,1.6414,1.697,1.6402,1.68432,188447
2009.03.22,0:00,1.68795,1.6906,1.6425,1.64842,279172
2009.03.29,0:00,1.64075,1.6829,1.64069,1.65749,272644
2009.04.05,0:00,1.66077,1.6683,1.60279,1.61575,236513
2009.04.12,0:00,1.6156,1.63495,1.57773,1.58182,243641
2009.04.19,0:00,1.58273,1.61951,1.57725,1.60095,309676
2009.04.26,0:00,1.60363,1.60485,1.56965,1.57205,285950
2009.05.03,0:00,1.57604,1.57802,1.54627,1.56675,504985
2009.05.10,0:00,1.5686,1.60009,1.56324,1.58852,503477
2009.05.17,0:00,1.58853,1.58853,1.56501,1.56633,425655
2009.05.24,0:00,1.57215,1.57837,1.53955,1.54372,437973
2009.05.31,0:00,1.54063,1.57709,1.53433,1.56241,510145
2009.06.07,0:00,1.56162,1.57296,1.53597,1.5675,483460
2009.06.14,0:00,1.56584,1.58574,1.55906,1.58161,442179
2009.06.21,0:00,1.58267,1.62472,1.57787,1.61931,451092
2009.06.28,0:00,1.61996,1.63255,1.61619,1.62199,369605
2009.07.05,0:00,1.62107,1.6321,1.61249,1.62118,391002
2009.07.12,0:00,1.62025,1.6261,1.56822,1.56948,382297
2009.07.19,0:00,1.5734,1.57675,1.53386,1.5427,403047
2009.07.26,0:00,1.5441,1.54612,1.51833,1.53567,418685
2009.08.02,0:00,1.53647,1.55884,1.52512,1.5328,400054
2009.08.09,0:00,1.53486,1.56412,1.53105,1.5591,398000
2009.08.16,0:00,1.55971,1.56963,1.5431,1.54807,398604
2009.08.23,0:00,1.54742,1.56805,1.53619,1.56082,320736
2009.08.30,0:00,1.56159,1.58466,1.5491,1.5555,314123
2009.09.06,0:00,1.5536,1.5837,1.5401,1.5685,171955
2009.09.13,0:00,1.5721,1.5903,1.562,1.5724,86555
2009.09.20,0:00,1.5726,1.6067,1.5699,1.6021,95767
2009.09.27,0:00,1.6043,1.6093,1.5557,1.5734,101844
2009.10.04,0:00,1.5768,1.5797,1.5318,1.535,104480
2009.10.11,0:00,1.5351,1.5501,1.5228,1.5453,82333
2009.10.18,0:00,1.5482,1.5838,1.5363,1.5811,88515
2009.10.25,0:00,1.5769,1.59907,1.5728,1.5961,148531
2009.11.01,0:00,1.5978,1.59922,1.56378,1.59586,352060
2009.11.08,0:00,1.59565,1.59778,1.55947,1.56666,334979
2009.11.15,0:00,1.57107,1.59317,1.56079,1.59045,360293
2009.11.22,0:00,1.58913,1.60068,1.57529,1.59085,332398
2009.11.29,0:00,1.59066,1.59455,1.56065,1.57127,330727
2009.12.06,0:00,1.56957,1.57281,1.53932,1.54864,372773
2009.12.13,0:00,1.54973,1.55964,1.52297,1.52854,322961
2009.12.20,0:00,1.52787,1.53133,1.4972,1.50657,198727
2009.12.27,0:00,1.50512,1.51706,1.49256,1.50004,178005
2010.01.03,0:00,1.49934,1.50187,1.47335,1.48297,302575
2010.01.10,0:00,1.48545,1.50856,1.47182,1.47988,318345
2010.01.17,0:00,1.4771,1.49867,1.46753,1.49481,354300
2010.01.24,0:00,1.49479,1.50306,1.47668,1.48331,367305
2010.01.31,0:00,1.4815,1.48962,1.45826,1.46518,341698
2010.02.07,0:00,1.4611,1.47538,1.42547,1.43114,365785
2010.02.14,0:00,1.43123,1.43844,1.40986,1.41398,316100
2010.02.21,0:00,1.41373,1.44355,1.41127,1.43298,328074
2010.02.28,0:00,1.43271,1.43429,1.39157,1.40121,319680
2010.03.07,0:00,1.4007,1.41024,1.38996,1.40276,265514
2010.03.14,0:00,1.39927,1.40083,1.3629,1.37581,304966
2010.03.21,0:00,1.37343,1.38354,1.35694,1.37586,317929
2010.03.28,0:00,1.38118,1.38154,1.36044,1.36469,281439
2010.04.04,0:00,1.36008,1.36326,1.33399,1.3529,278592
2010.04.11,0:00,1.36679,1.37552,1.35178,1.36694,323956
2010.04.18,0:00,1.36772,1.37321,1.32362,1.33629,340200
2010.04.25,0:00,1.33305,1.35363,1.32533,1.35256,391673
2010.05.02,0:00,1.35395,1.35403,1.3128,1.3306,442273
2010.05.09,0:00,1.33289,1.3392,1.27287,1.27927,461294
2010.05.16,0:00,1.27809,1.34715,1.26389,1.33121,519211
2010.05.23,0:00,1.33222,1.33397,1.28796,1.29374,408582
2010.05.30,0:00,1.29138,1.29637,1.25485,1.27117,398887
2010.06.06,0:00,1.26691,1.27224,1.24493,1.24961,464490
2010.06.13,0:00,1.25281,1.27759,1.25127,1.26528,314825
2010.06.20,0:00,1.26708,1.29095,1.2519,1.27988,333265
2010.06.27,0:00,1.28105,1.34217,1.26935,1.33419,362894
2010.07.04,0:00,1.33394,1.33732,1.30115,1.30615,307017
2010.07.11,0:00,1.30478,1.36781,1.29471,1.36764,380501
2010.07.18,0:00,1.36362,1.36898,1.32642,1.3366,343852
2010.07.25,0:00,1.3375,1.35804,1.33363,1.34293,335425
2010.08.01,0:00,1.34294,1.36835,1.3312,1.36358,300743
2010.08.08,0:00,1.3639,1.36755,1.32249,1.3281,340771
2010.08.15,0:00,1.32923,1.3423,1.31498,1.3308,345920
2010.08.22,0:00,1.3323,1.35118,1.3267,1.34035,362332
2010.08.29,0:00,1.3387,1.35838,1.33163,1.33899,295809
2010.09.05,0:00,1.33975,1.34021,1.30651,1.31424,298648
2010.09.12,0:00,1.3129,1.35014,1.31178,1.34723,359622
2010.09.19,0:00,1.347,1.38618,1.34197,1.38109,301027
2010.09.26,0:00,1.3799,1.41398,1.37635,1.40563,359743
2010.10.03,0:00,1.4051,1.42218,1.39608,1.4084,370809
2010.10.10,0:00,1.4152,1.42026,1.39454,1.4115,319902
2010.10.17,0:00,1.41381,1.43294,1.41089,1.43075,402709
2010.10.24,0:00,1.43082,1.43427,1.41223,1.4211,405002
2010.10.31,0:00,1.42272,1.432,1.40262,1.40296,425404
2010.11.07,0:00,1.40562,1.40751,1.36555,1.38524,485482
2010.11.14,0:00,1.38445,1.39978,1.36784,1.38965,458269
2010.11.21,0:00,1.39565,1.39631,1.34298,1.35158,460058
2010.11.28,0:00,1.35195,1.35289,1.32039,1.34607,490270
2010.12.05,0:00,1.34496,1.34628,1.33019,1.33416,447979
2010.12.12,0:00,1.33339,1.35753,1.32543,1.33667,420544
2010.12.19,0:00,1.33276,1.3434,1.31788,1.32251,365518
2010.12.26,0:00,1.32217,1.33735,1.30858,1.33401,325771
2011.01.02,0:00,1.3256,1.33523,1.27898,1.28168,430313
2011.01.09,0:00,1.28019,1.33713,1.2775,1.32607,445417
2011.01.16,0:00,1.32039,1.35493,1.30857,1.35213,473258
2011.01.23,0:00,1.35214,1.3706,1.34938,1.36222,487201
2011.01.30,0:00,1.35886,1.37762,1.33509,1.34023,439219
2011.02.06,0:00,1.33919,1.36546,1.33446,1.33802,305383
2011.02.13,0:00,1.33517,1.35259,1.32645,1.35049,357968
2011.02.20,0:00,1.34822,1.37093,1.33342,1.34425,408961
2011.02.27,0:00,1.34447,1.3612,1.33875,1.36092,390542
2011.03.06,0:00,1.36011,1.36253,1.33889,1.35238,400377
2011.03.13,0:00,1.35832,1.39721,1.3521,1.39599,490222
2011.03.20,0:00,1.39596,1.39596,1.37674,1.37953,387279
2011.03.27,0:00,1.37878,1.38176,1.35912,1.3706,366330
2011.04.03,0:00,1.37205,1.38545,1.36578,1.38324,358835
2011.04.10,0:00,1.38027,1.39867,1.37789,1.3835,392964
2011.04.17,0:00,1.38212,1.39012,1.36571,1.3893,366533
2011.04.24,0:00,1.38715,1.41704,1.3845,1.39877,388205
2011.05.01,0:00,1.40097,1.43366,1.38303,1.38334,448387
2011.05.08,0:00,1.38776,1.39247,1.36291,1.36662,402057
2011.05.15,0:00,1.36421,1.38834,1.36321,1.37814,267626
2011.05.22,0:00,1.37616,1.39783,1.36771,1.39696,333255
2011.05.29,0:00,1.39876,1.43135,1.39058,1.43035,382294
2011.06.05,0:00,1.42981,1.43772,1.40066,1.40514,297977
2011.06.12,0:00,1.40226,1.40962,1.38227,1.40111,431116
2011.06.19,0:00,1.39987,1.40614,1.38431,1.40207,424156
2011.06.26,0:00,1.40141,1.41581,1.38965,1.39172,381135
2011.07.03,0:00,1.39378,1.39744,1.36427,1.37496,370725
2011.07.10,0:00,1.36739,1.36994,1.34617,1.34905,457028
2011.07.17,0:00,1.34716,1.36866,1.34054,1.35983,388091
2011.07.24,0:00,1.36434,1.37705,1.35081,1.3747,377113
2011.07.31,0:00,1.37149,1.40185,1.35484,1.40185,465019
2011.08.07,0:00,1.41055,1.4237,1.39822,1.4061,570366
2011.08.14,0:00,1.40913,1.42584,1.40786,1.42482,468456
2011.08.21,0:00,1.42436,1.43092,1.41212,1.42226,424385
2011.08.28,0:00,1.42269,1.42403,1.3883,1.39882,427446
2011.09.04,0:00,1.39733,1.4074,1.35868,1.36045,460416
2011.09.11,0:00,1.35381,1.37114,1.34603,1.34889,510672
2011.09.18,0:00,1.34127,1.39305,1.33959,1.38708,549919
2011.09.25,0:00,1.38827,1.41275,1.38169,1.40511,558062
2011.10.02,0:00,1.39765,1.41152,1.38239,1.38981,558087
2011.10.09,0:00,1.38937,1.40784,1.38663,1.40098,488443
2011.10.16,0:00,1.40159,1.4079,1.39214,1.39771,506679
2011.10.23,0:00,1.39988,1.41734,1.39066,1.40231,502207
2011.10.30,0:00,1.40335,1.4109,1.37777,1.40428,537438
2011.11.06,0:00,1.40352,1.40408,1.38101,1.39163,471329
2011.11.13,0:00,1.39223,1.39774,1.37519,1.38914,502398
2011.11.20,0:00,1.38925,1.40707,1.38477,1.38511,452352
2011.11.27,0:00,1.38829,1.38868,1.35849,1.3645,421663
2011.12.04,0:00,1.36572,1.3709,1.34761,1.36026,423620
2011.12.11,0:00,1.36263,1.36349,1.34232,1.35337,424892
2011.12.18,0:00,1.35405,1.35533,1.32735,1.33039,363797
2011.12.25,0:00,1.33462,1.33583,1.31492,1.32053,276008
2012.01.01,0:00,1.32031,1.32288,1.29907,1.30734,345439
2012.01.08,0:00,1.30613,1.31395,1.2906,1.29644,387208
2012.01.15,0:00,1.29387,1.31485,1.28718,1.30948,385961
2012.01.22,0:00,1.30728,1.32452,1.30522,1.32373,369597
2012.01.29,0:00,1.32316,1.32359,1.30259,1.30625,383243
2012.02.05,0:00,1.30328,1.32489,1.29965,1.32096,390599
2012.02.12,0:00,1.32364,1.32529,1.30184,1.30966,401964
2012.02.19,0:00,1.31075,1.34607,1.30941,1.34377,366526
2012.02.26,0:00,1.34494,1.34782,1.30258,1.30492,381139
2012.03.04,0:00,1.30613,1.3204,1.29543,1.29944,364383
2012.03.11,0:00,1.29872,1.30865,1.28903,1.30592,339614
2012.03.18,0:00,1.30647,1.32881,1.30306,1.32354,336856
2012.03.25,0:00,1.32413,1.33302,1.31777,1.33165,341659
2012.04.01,0:00,1.32967,1.3328,1.29426,1.30436,333188
2012.04.08,0:00,1.30578,1.31756,1.29945,1.30662,352028
2012.04.15,0:00,1.3054,1.31435,1.2929,1.3109,363318
2012.04.22,0:00,1.30899,1.31164,1.29606,1.29883,341865
2012.04.29,0:00,1.29831,1.31356,1.28885,1.30239,304678
2012.05.06,0:00,1.29547,1.30377,1.28794,1.2919,373179
2012.05.13,0:00,1.2904,1.30618,1.27786,1.30569,385786
2012.05.20,0:00,1.30455,1.30618,1.28573,1.28778,399941
2012.05.27,0:00,1.29037,1.29433,1.27236,1.29377,391447
2012.06.03,0:00,1.29212,1.30324,1.28287,1.28385,408637
2012.06.10,0:00,1.2927,1.29534,1.28039,1.29018,392778
2012.06.17,0:00,1.29934,1.30016,1.2857,1.28711,397124
2012.06.24,0:00,1.28732,1.29703,1.27448,1.28693,378182
2012.07.01,0:00,1.2873,1.28857,1.24956,1.25195,333743
2012.07.08,0:00,1.25111,1.25683,1.23757,1.2415,332613
2012.07.15,0:00,1.24121,1.24987,1.22883,1.23038,320390
2012.07.22,0:00,1.2282,1.24496,1.22756,1.23545,370920
2012.07.29,0:00,1.23547,1.2405,1.21954,1.23965,350536
2012.08.05,0:00,1.24087,1.24368,1.21696,1.21741,316832
2012.08.12,0:00,1.21765,1.22831,1.21272,1.21943,281364
2012.08.19,0:00,1.21955,1.24976,1.21589,1.24088,301091
2012.08.26,0:00,1.24069,1.24922,1.23521,1.24003,270818
2012.09.02,0:00,1.24118,1.25397,1.23474,1.25363,303245
2012.09.09,0:00,1.25197,1.27592,1.24178,1.27486,315754
2012.09.16,0:00,1.27323,1.2799,1.26345,1.26677,316380
2012.09.23,0:00,1.26727,1.26936,1.26087,1.26436,317304
2012.09.30,0:00,1.26429,1.2805,1.25976,1.27546,295985
2012.10.07,0:00,1.27377,1.27417,1.25702,1.26869,274220
2012.10.14,0:00,1.26785,1.29449,1.26409,1.29335,278754
2012.10.21,0:00,1.29469,1.30114,1.28018,1.28945,265749
2012.10.28,0:00,1.29169,1.3021,1.27378,1.27737,280798
2012.11.04,0:00,1.27637,1.27737,1.26463,1.2725,449542
2012.11.11,0:00,1.2719,1.28282,1.26697,1.27518,424504
2012.11.18,0:00,1.2757,1.28979,1.27159,1.28762,412679
2012.11.25,0:00,1.28757,1.29475,1.28173,1.29062,416550
2012.12.02,0:00,1.29128,1.30337,1.27234,1.2771,368303
2012.12.09,0:00,1.27306,1.29829,1.2724,1.29675,367117
2012.12.16,0:00,1.29943,1.3136,1.29373,1.30928,405650
2012.12.23,0:00,1.3091,1.31846,1.30595,1.31701,252918
2012.12.30,0:00,1.31532,1.31724,1.28449,1.28962,323792
2013.01.06,0:00,1.28959,1.31445,1.28538,1.3135,426516
2013.01.13,0:00,1.31539,1.32434,1.30659,1.32016,465450
2013.01.20,0:00,1.32062,1.36001,1.31685,1.35353,451837
2013.01.27,0:00,1.35539,1.37067,1.34947,1.35867,468169
2013.02.03,0:00,1.36031,1.36076,1.33382,1.33866,478948
2013.02.10,0:00,1.34081,1.35705,1.33283,1.3439,453052
2013.02.17,0:00,1.34503,1.36124,1.34068,1.3469,437078
2013.02.24,0:00,1.34831,1.36245,1.33404,1.33621,505397
2013.03.03,0:00,1.33698,1.35385,1.32799,1.33716,132118
2013.03.10,0:00,1.33618,1.34147,1.32449,1.33284,217510
2013.03.17,0:00,1.31972,1.33069,1.3174,1.32875,258899
2013.03.24,0:00,1.32742,1.33438,1.29658,1.30393,202622
2013.03.31,0:00,1.30266,1.33167,1.29536,1.3217,193337
2013.04.07,0:00,1.32134,1.33169,1.31888,1.32849,216126
2013.04.14,0:00,1.32858,1.35233,1.32775,1.33958,265928
2013.04.21,0:00,1.34033,1.34351,1.3229,1.32411,205192
2013.04.28,0:00,1.32767,1.33334,1.3144,1.32137,190487
2013.05.05,0:00,1.32185,1.32399,1.30786,1.31194,186817
2013.05.12,0:00,1.31179,1.32284,1.30672,1.31951,241974
2013.05.19,0:00,1.31971,1.34379,1.31786,1.33375,306616
2013.05.26,0:00,1.33436,1.3504,1.33337,1.34813,338665
2013.06.02,0:00,1.34626,1.36354,1.34254,1.3467,397219
2013.06.09,0:00,1.34746,1.3673,1.34346,1.3568,409689
2013.06.16,0:00,1.35775,1.38044,1.35262,1.37158,355916
2013.06.23,0:00,1.3729,1.3816,1.35822,1.36796,391275
2013.06.30,0:00,1.36934,1.37685,1.35168,1.35719,300278
2013.07.07,0:00,1.35623,1.3713,1.34301,1.35782,345063
2013.07.14,0:00,1.35737,1.37095,1.35493,1.36211,288208
2013.07.21,0:00,1.36159,1.36799,1.35719,1.36427,280697
2013.07.28,0:00,1.36548,1.38078,1.35928,1.37949,294009
2013.08.04,0:00,1.37969,1.39206,1.37092,1.3722,265094
2013.08.11,0:00,1.37304,1.3832,1.36647,1.37731,281083
2013.08.18,0:00,1.37746,1.41272,1.37513,1.40378,314757
2013.08.25,0:00,1.40679,1.40919,1.3877,1.39231,276273
2013.09.01,0:00,1.39098,1.39366,1.36477,1.37087,228202
2013.09.08,0:00,1.37034,1.37712,1.36711,1.37576,227808
2013.09.15,0:00,1.37836,1.39479,1.37136,1.39288,238308
2013.09.22,0:00,1.39451,1.39939,1.38322,1.39306,208767
2013.09.29,0:00,1.39076,1.40843,1.3894,1.39526,234405
2013.10.06,0:00,1.39672,1.41112,1.39593,1.40043,220376
2013.10.13,0:00,1.40461,1.40993,1.39428,1.4074,225231
2013.10.20,0:00,1.40817,1.444,1.40581,1.44162,226563
2013.10.27,0:00,1.4425,1.44295,1.40466,1.40466,246345
2013.11.03,0:00,1.40574,1.41377,1.38858,1.39979,231502
2013.11.10,0:00,1.40052,1.41655,1.39882,1.40826,236784
2013.11.17,0:00,1.40808,1.42863,1.40145,1.42504,248427
2013.11.24,0:00,1.42635,1.44547,1.42284,1.44191,219993
2013.12.01,0:00,1.44275,1.46105,1.43831,1.4575,275719
2013.12.08,0:00,1.45957,1.46624,1.45316,1.45378,238275
2013.12.15,0:00,1.45486,1.47016,1.45318,1.4534,248841
2013.12.22,0:00,1.45504,1.48165,1.4494,1.47122,124793
2013.12.29,0:00,1.47322,1.47722,1.44194,1.44417,203049
2014.01.05,0:00,1.4457,1.49518,1.4409,1.48794,275640
2014.01.12,0:00,1.49037,1.499,1.48215,1.48379,257630
2014.01.19,0:00,1.48391,1.52744,1.47861,1.5154,273915
2014.01.26,0:00,1.51397,1.53059,1.49667,1.50054,270957
2014.02.02,0:00,1.49992,1.51439,1.49052,1.50384,302627
2014.02.09,0:00,1.50401,1.5166,1.49012,1.50289,220035
2014.02.16,0:00,1.50353,1.53467,1.49942,1.52586,214695
2014.02.23,0:00,1.52555,1.53929,1.51592,1.52642,231787
2014.03.02,0:00,1.52729,1.5403,1.51253,1.53833,254903
2014.03.09,0:00,1.53917,1.5501,1.5309,1.54459,449724
2014.03.16,0:00,1.54306,1.55856,1.53303,1.54744,433706
2014.03.23,0:00,1.54821,1.55419,1.50784,1.52087,405114
2014.03.30,0:00,1.52057,1.52767,1.50039,1.50453,381675
2014.04.06,0:00,1.50448,1.5252,1.5023,1.52447,307325
2014.04.13,0:00,1.52071,1.52693,1.51213,1.52211,213672
2014.04.20,0:00,1.52297,1.5293,1.51802,1.52696,186320
2014.04.27,0:00,1.52699,1.53053,1.50855,1.52167,240117
2014.05.04,0:00,1.52267,1.52578,1.49102,1.49872,264114
2014.05.11,0:00,1.49934,1.50425,1.48322,1.48702,227909
2014.05.18,0:00,1.48773,1.49595,1.47991,1.47995,238248
2014.05.25,0:00,1.481,1.48267,1.47257,1.4784,175830
2014.06.01,0:00,1.47795,1.49539,1.47579,1.49136,236102
2014.06.08,0:00,1.49111,1.49317,1.46708,1.46979,211764
2014.06.15,0:00,1.46953,1.47789,1.45942,1.46305,198056
2014.06.22,0:00,1.46205,1.46381,1.45392,1.45522,189850
2014.06.29,0:00,1.4549,1.46189,1.44394,1.44762,195954
2014.07.06,0:00,1.44793,1.46103,1.44508,1.46002,247915
2014.07.13,0:00,1.46004,1.46517,1.4479,1.45127,241898
2014.07.20,0:00,1.45203,1.45416,1.44175,1.45164,287678
2014.07.27,0:00,1.4525,1.46725,1.45042,1.46486,288142
2014.08.03,0:00,1.46601,1.47334,1.45587,1.47153,283113
2014.08.10,0:00,1.47081,1.47114,1.45466,1.46039,248660
2014.08.17,0:00,1.45812,1.45903,1.44725,1.44896,255151
2014.08.24,0:00,1.44683,1.45011,1.42522,1.4283,297223
2014.08.31,0:00,1.42754,1.43647,1.40368,1.40904,319272
2014.09.07,0:00,1.40979,1.4381,1.40856,1.43779,450463
2014.09.14,0:00,1.43781,1.43882,1.40136,1.40647,363608
2014.09.21,0:00,1.40605,1.42478,1.40517,1.41501,394173
2014.09.28,0:00,1.41467,1.41819,1.40114,1.40721,398421
2014.10.05,0:00,1.40832,1.42349,1.4042,1.41418,452013
2014.10.12,0:00,1.41461,1.45007,1.41394,1.43949,462120
2014.10.19,0:00,1.43904,1.44555,1.41599,1.42307,366996
2014.10.26,0:00,1.42472,1.43041,1.40577,1.41081,417002
2014.11.02,0:00,1.41065,1.43417,1.40459,1.41092,529215
2014.11.09,0:00,1.41141,1.4213,1.40348,1.41354,457867
2014.11.16,0:00,1.41396,1.42649,1.39042,1.39144,371120
2014.11.23,0:00,1.38778,1.42675,1.38778,1.42114,283164
2014.11.30,0:00,1.42415,1.42501,1.39563,1.4047,304002
2014.12.07,0:00,1.40255,1.44359,1.40066,1.4423,334697
2014.12.14,0:00,1.44458,1.46439,1.41744,1.41803,342623
2014.12.21,0:00,1.41815,1.42785,1.41243,1.41589,450441
2014.12.28,0:00,1.41491,1.42087,1.39919,1.41362,438270
2015.01.04,0:00,1.40773,1.41323,1.38801,1.40434,506136
2015.01.11,0:00,1.40508,1.41877,1.37529,1.38493,560488
2015.01.18,0:00,1.38379,1.43762,1.38007,1.3905,397212
2015.01.25,0:00,1.38722,1.44868,1.38214,1.4355,376073
2015.02.01,0:00,1.43648,1.44746,1.40676,1.41521,451985
2015.02.08,0:00,1.41607,1.43396,1.40726,1.41679,440918
2015.02.15,0:00,1.41823,1.43136,1.40556,1.4256,445657
2015.02.22,0:00,1.42732,1.43299,1.3951,1.40067,437187
2015.03.01,0:00,1.3978,1.40876,1.36208,1.36851,440464
2015.03.08,0:00,1.36642,1.37351,1.33855,1.33981,463445
2015.03.15,0:00,1.34105,1.37467,1.34095,1.35755,472540
2015.03.22,0:00,1.36302,1.37646,1.35269,1.3724,462042
2015.03.29,0:00,1.3724,1.37581,1.35574,1.36892,370709
2015.04.05,0:00,1.36892,1.37504,1.33184,1.33215,389105
2015.04.12,0:00,1.33215,1.33769,1.30245,1.32313,536652
2015.04.19,0:00,1.32313,1.32408,1.30568,1.3236,617316
2015.04.26,0:00,1.32385,1.3702,1.31315,1.36229,776470
2015.05.03,0:00,1.36038,1.37667,1.3404,1.35395,189542
2015.05.10,0:00,1.35335,1.37751,1.34282,1.3752,485251
2015.05.17,0:00,1.3747,1.38021,1.35141,1.35261,536606
2015.05.24,0:00,1.35191,1.37483,1.34286,1.36701,579081
2015.05.31,0:00,1.36604,1.41616,1.35979,1.38151,675949
2015.06.07,0:00,1.38076,1.40504,1.37421,1.38552,831873
2015.06.14,0:00,1.38012,1.39546,1.37979,1.3924,786222
2015.06.21,0:00,1.39405,1.40212,1.3741,1.37556,845753
2015.06.28,0:00,1.35727,1.39914,1.35153,1.39431,874602
2015.07.05,0:00,1.38286,1.42538,1.38199,1.4135,790970
2015.07.12,0:00,1.40855,1.42086,1.39821,1.40468,709548
2015.07.19,0:00,1.40532,1.43796,1.40466,1.43157,811131
2015.07.26,0:00,1.43091,1.44936,1.41733,1.43739,747654
2015.08.02,0:00,1.43595,1.44468,1.42502,1.44004,790315
2015.08.09,0:00,1.43794,1.46136,1.43171,1.45491,721390
2015.08.16,0:00,1.45464,1.50174,1.43839,1.50099,727926
2015.08.23,0:00,1.499,1.55606,1.47436,1.47574,1063532
2015.08.30,0:00,1.47596,1.50035,1.45957,1.48021,797269
2015.09.06,0:00,1.47895,1.5058,1.46604,1.50371,733572
2015.09.13,0:00,1.5009,1.5077,1.48438,1.49391,682258
2015.09.20,0:00,1.492,1.51146,1.47247,1.49268,733908
2015.09.27,0:00,1.49224,1.51574,1.46441,1.47431,769932
2015.10.04,0:00,1.47513,1.47851,1.4548,1.47001,800853
2015.10.11,0:00,1.47166,1.48989,1.46036,1.46554,748429
2015.10.18,0:00,1.46499,1.49066,1.44436,1.45043,747907
2015.10.25,0:00,1.44909,1.46661,1.43605,1.43888,767285
2015.11.01,0:00,1.44247,1.44885,1.41984,1.42833,743628
2015.11.08,0:00,1.42687,1.43861,1.41608,1.43466,826643
2015.11.15,0:00,1.42806,1.43337,1.41421,1.42074,827494
2015.11.22,0:00,1.41802,1.428,1.40732,1.41585,791998
2015.11.29,0:00,1.41457,1.46695,1.40435,1.45341,907027
2015.12.06,0:00,1.45283,1.51272,1.45085,1.51155,839122
2015.12.13,0:00,1.50632,1.52018,1.4942,1.51604,923790
2015.12.20,0:00,1.51214,1.53206,1.50445,1.51654,450695
2015.12.27,0:00,1.51302,1.52947,1.50083,1.50102,392043
2016.01.03,0:00,1.50158,1.54931,1.49521,1.548,929870
2016.01.10,0:00,1.54616,1.59587,1.52969,1.58625,939992
2016.01.17,0:00,1.59439,1.61046,1.52421,1.52484,993342
2016.01.24,0:00,1.52561,1.5566,1.51256,1.51285,1082848
2016.01.31,0:00,1.513,1.55298,1.51102,1.55247,1032454
2016.02.07,0:00,1.54832,1.59133,1.54281,1.55816,1182644
2016.02.14,0:00,1.55589,1.55866,1.51394,1.53199,988210
2016.02.21,0:00,1.53068,1.53367,1.47531,1.4765,995607
2016.02.28,0:00,1.47496,1.48427,1.45282,1.46515,931107
2016.03.06,0:00,1.4646,1.50157,1.43875,1.47294,834694
2016.03.13,0:00,1.47392,1.48786,1.45871,1.46511,828749
2016.03.20,0:00,1.46771,1.48352,1.4605,1.47857,637553
2016.03.27,0:00,1.48125,1.49757,1.46538,1.48194,767491
2016.04.03,0:00,1.48471,1.50284,1.47601,1.47953,839281
2016.04.10,0:00,1.48095,1.48586,1.43757,1.4458,851240
2016.04.17,0:00,1.46276,1.46788,1.41977,1.4213,850122
2016.04.24,0:00,1.41988,1.43995,1.41802,1.43697,837624
2016.05.01,0:00,1.43845,1.48187,1.43621,1.47062,838159
2016.05.08,0:00,1.47499,1.48239,1.45636,1.46184,739215
2016.05.15,0:00,1.4634,1.47567,1.45398,1.47094,780317
2016.05.22,0:00,1.46762,1.47788,1.44336,1.44759,712134
2016.05.29,0:00,1.44742,1.47217,1.44664,1.47026,746682
2016.06.05,0:00,1.46913,1.47259,1.43182,1.43741,766080
2016.06.12,0:00,1.43841,1.4638,1.43581,1.45325,855831
2016.06.19,0:00,1.45312,1.4606,1.4248,1.44256,849579
2016.06.26,0:00,1.43465,1.44835,1.42941,1.43756,880500
2016.07.03,0:00,1.43616,1.44662,1.4286,1.44118,722569
2016.07.10,0:00,1.44063,1.45354,1.42779,1.43019,753738
2016.07.17,0:00,1.42952,1.45057,1.4283,1.44075,664165
2016.07.24,0:00,1.44011,1.4666,1.43905,1.45701,638785
2016.07.31,0:00,1.45416,1.47323,1.44738,1.46031,572289
2016.08.07,0:00,1.45992,1.46237,1.44308,1.44626,536694
2016.08.14,0:00,1.4456,1.45907,1.44276,1.45656,589875
2016.08.21,0:00,1.45709,1.46718,1.44999,1.45414,601677
2016.08.28,0:00,1.45288,1.46825,1.44637,1.44637,636605
2016.09.04,0:00,1.44835,1.46559,1.43792,1.46319,601992
2016.09.11,0:00,1.46558,1.48714,1.4636,1.47381,732673
2016.09.18,0:00,1.47357,1.48073,1.46113,1.4758,835748
2016.09.25,0:00,1.47745,1.4924,1.46295,1.47519,863640
2016.10.02,0:00,1.47042,1.48926,1.46626,1.48797,830229
2016.10.09,0:00,1.47947,1.4851,1.43907,1.43907,860764
2016.10.16,0:00,1.43909,1.45736,1.42627,1.44884,769875
2016.10.23,0:00,1.44977,1.47495,1.44412,1.46897,877424
2016.10.30,0:00,1.47337,1.49591,1.46438,1.49081,948465
2016.11.06,0:00,1.47578,1.52797,1.45847,1.46911,1177076
2016.11.13,0:00,1.46311,1.46545,1.42736,1.42736,1073240
2016.11.20,0:00,1.42932,1.43447,1.4185,1.42937,1017772
2016.11.27,0:00,1.43148,1.43918,1.41237,1.41652,967168
2016.12.04,0:00,1.4098,1.43541,1.38614,1.39062,786056
2016.12.11,0:00,1.38407,1.40283,1.38189,1.39249,935208
2016.12.18,0:00,1.39185,1.41676,1.3874,1.41532,763849
2016.12.25,0:00,1.41437,1.43673,1.3579,1.41275,641022
2017.01.01,0:00,1.41036,1.41441,1.3877,1.39277,911998
2017.01.08,0:00,1.3938,1.4034,1.38539,1.39543,1057470
2017.01.15,0:00,1.39242,1.42716,1.39038,1.4231,1042869
2017.01.22,0:00,1.42549,1.43068,1.39644,1.40661,975042
2017.01.29,0:00,1.40579,1.41299,1.39609,1.4041,1010255
2017.02.05,0:00,1.4045,1.40985,1.38833,1.38967,900762
2017.02.12,0:00,1.38995,1.39597,1.3783,1.38732,853770
2017.02.19,0:00,1.38862,1.39335,1.38029,1.38038,752247
2017.02.26,0:00,1.38323,1.42108,1.3825,1.42021,854551
2017.03.05,0:00,1.41757,1.43987,1.41559,1.4374,854488
2017.03.12,0:00,1.43748,1.44169,1.42406,1.43227,853510
2017.03.19,0:00,1.43325,1.44929,1.43077,1.44419,807029
2017.03.26,0:00,1.44562,1.45988,1.41635,1.41635,784100
2017.04.02,0:00,1.41756,1.43557,1.41657,1.41709,702616
2017.04.09,0:00,1.41804,1.42124,1.40519,1.41305,626465
2017.04.16,0:00,1.41255,1.45331,1.41137,1.44517,626933
2017.04.23,0:00,1.46786,1.49409,1.45581,1.48676,788147
2017.04.30,0:00,1.48855,1.51515,1.48585,1.49915,701719
2017.05.07,0:00,1.50417,1.50451,1.48243,1.49749,739535
2017.05.14,0:00,1.49723,1.52128,1.48987,1.51383,832145
2017.05.21,0:00,1.5118,1.52083,1.50118,1.50118,755815
2017.05.28,0:00,1.50028,1.52575,1.49681,1.52085,667849
2017.06.04,0:00,1.5201,1.52318,1.50117,1.50705,697631
2017.06.11,0:00,1.50732,1.51047,1.47615,1.47794,751215
2017.06.18,0:00,1.47869,1.48943,1.47252,1.48331,646699
2017.06.25,0:00,1.48456,1.49778,1.47794,1.4805,801565
2017.07.02,0:00,1.48003,1.48346,1.465,1.46773,675432
2017.07.09,0:00,1.46758,1.48287,1.44786,1.45021,689365
2017.07.16,0:00,1.44992,1.46825,1.44775,1.46174,757322
2017.07.23,0:00,1.46172,1.47128,1.45302,1.46021,804311
2017.07.30,0:00,1.46144,1.49589,1.45972,1.48905,784682
2017.08.06,0:00,1.48854,1.50168,1.48363,1.49792,750786
2017.08.13,0:00,1.49774,1.50113,1.47287,1.4796,750337
2017.08.20,0:00,1.47636,1.49011,1.47252,1.4871,621660
2017.08.27,0:00,1.48979,1.50737,1.468,1.46981,727894
2017.09.03,0:00,1.47341,1.48106,1.44729,1.46255,751710
2017.09.10,0:00,1.45986,1.46106,1.44424,1.4567,619024
2017.09.17,0:00,1.4534,1.47689,1.45135,1.47391,572044
2017.09.24,0:00,1.4672,1.48049,1.4488,1.47203,623164
2017.10.01,0:00,1.47259,1.47407,1.46356,1.4702,522445
2017.10.08,0:00,1.46999,1.48384,1.4698,1.47177,492435
2017.10.15,0:00,1.473,1.48786,1.46851,1.48786,552994
2017.10.22,0:00,1.4841,1.51454,1.48198,1.4863,572636
2017.10.29,0:00,1.48759,1.50405,1.48021,1.48135,492537
2017.11.05,0:00,1.48151,1.48371,1.47363,1.47865,487626
2017.11.12,0:00,1.4769,1.51249,1.4769,1.5035,538748
2017.11.19,0:00,1.50435,1.51776,1.49603,1.51524,513841
2017.11.26,0:00,1.51485,1.53717,1.50815,1.50815,624159
2017.12.03,0:00,1.50575,1.51817,1.49223,1.51227,523851
2017.12.10,0:00,1.51072,1.52266,1.49978,1.51124,520866
2017.12.17,0:00,1.5106,1.53012,1.50468,1.50936,659304
2017.12.24,0:00,1.5096,1.51034,1.49943,1.50771,375579
2017.12.31,0:00,1.50328,1.5141,1.48805,1.49231,552151
2018.01.07,0:00,1.49224,1.52313,1.48177,1.52005,930546
2018.01.14,0:00,1.51903,1.53116,1.51075,1.52683,1109209
2018.01.21,0:00,1.53042,1.54148,1.52008,1.52939,1169198
2018.01.28,0:00,1.52927,1.54885,1.52194,1.54763,1296668
2018.02.04,0:00,1.54598,1.55695,1.53739,1.54092,1704362
2018.02.11,0:00,1.54106,1.56479,1.54041,1.5575,1209190
2018.02.18,0:00,1.55735,1.5688,1.55071,1.55265,1141168
2018.02.25,0:00,1.553,1.59178,1.55289,1.58694,1285584
2018.03.04,0:00,1.588,1.61219,1.57509,1.57601,1519647
2018.03.11,0:00,1.57772,1.61402,1.57592,1.60911,1200843
2018.03.18,0:00,1.60873,1.61518,1.58154,1.59273,1634889
2018.03.25,0:00,1.5911,1.60766,1.58277,1.58851,1376801
2018.04.01,0:00,1.58716,1.59264,1.55875,1.56956,970090
2018.04.08,0:00,1.56725,1.57514,1.54628,1.55445,882371
2018.04.15,0:00,1.55282,1.56858,1.5475,1.56743,791451
2018.04.22,0:00,1.56446,1.57138,1.55321,1.55582,866675
2018.04.29,0:00,1.55616,1.55925,1.53358,1.53579,936228
2018.05.06,0:00,1.53532,1.54439,1.5149,1.52781,831027
2018.05.13,0:00,1.52503,1.53145,1.50522,1.51628,824153
2018.05.20,0:00,1.51472,1.51627,1.50015,1.51124,863023
2018.05.27,0:00,1.5141,1.52241,1.49166,1.50972,1044104
2018.06.03,0:00,1.5089,1.5361,1.5089,1.521,888303
2018.06.10,0:00,1.52968,1.53582,1.51181,1.53278,799657
2018.06.17,0:00,1.52736,1.5584,1.52461,1.54624,927924
2018.06.24,0:00,1.54715,1.55859,1.53144,1.53432,941479
2018.07.01,0:00,1.53547,1.5442,1.5287,1.53707,491275
2018.07.08,0:00,1.53562,1.5442,1.53213,1.53677,500049
2018.07.15,0:00,1.5376,1.54675,1.53189,1.54021,564997
2018.07.22,0:00,1.53931,1.5428,1.5171,1.52221,458157
2018.07.29,0:00,1.52135,1.53246,1.50183,1.5026,387872
2018.08.05,0:00,1.50283,1.5188,1.49137,1.49962,380902
2018.08.12,0:00,1.49732,1.50123,1.47981,1.4938,481819
2018.08.19,0:00,1.49371,1.51653,1.48974,1.51376,438861
2018.08.26,0:00,1.5121,1.52128,1.50775,1.51311,466486
2018.09.02,0:00,1.516,1.53701,1.51318,1.52066,440769
2018.09.09,0:00,1.52017,1.52924,1.50898,1.51429,394525
2018.09.16,0:00,1.5152,1.52599,1.50599,1.51767,426734
2018.09.23,0:00,1.51674,1.5321,1.49738,1.49749,439422
2018.09.30,0:00,1.49195,1.49558,1.47552,1.49081,444537
2018.10.07,0:00,1.49118,1.51336,1.48552,1.50531,466909
2018.10.14,0:00,1.50201,1.51315,1.493,1.50804,473034
2018.10.21,0:00,1.5078,1.51141,1.47755,1.49394,521759
2018.10.28,0:00,1.4926,1.49814,1.4847,1.49157,470516
2018.11.04,0:00,1.49023,1.5048,1.48751,1.49687,483120
2018.11.11,0:00,1.49423,1.50427,1.48461,1.50106,563181
2018.11.18,0:00,1.50128,1.51681,1.495,1.49929,402183
2018.11.25,0:00,1.49936,1.51483,1.49741,1.50391,468023
2018.12.02,0:00,1.50231,1.5307,1.49131,1.51762,517422
2018.12.09,0:00,1.51855,1.5273,1.50835,1.51298,495620
2018.12.16,0:00,1.51214,1.5529,1.51186,1.54573,582444
2018.12.23,0:00,1.54568,1.56396,1.53982,1.56009,382001
2018.12.30,0:00,1.55913,1.56341,1.52373,1.52376,439373
2019.01.06,0:00,1.5245,1.53212,1.51491,1.52027,515397
2019.01.13,0:00,1.51883,1.52515,1.5042,1.50681,504943
2019.01.20,0:00,1.50637,1.52239,1.50637,1.50755,499010
2019.01.27,0:00,1.50696,1.51889,1.49789,1.5,531279
2019.02.03,0:00,1.49906,1.51206,1.49573,1.50265,427586
2019.02.10,0:00,1.50182,1.50604,1.49134,1.49562,397877
2019.02.17,0:00,1.49631,1.50363,1.48811,1.48811,402041
2019.02.24,0:00,1.4885,1.51194,1.4877,1.51194,529906
2019.03.03,0:00,1.51001,1.52218,1.50274,1.50701,473144
2019.03.10,0:00,1.5073,1.5146,1.50445,1.5102,443474
2019.03.17,0:00,1.50999,1.52139,1.50387,1.51727,489236
2019.03.24,0:00,1.51596,1.5212,1.49721,1.49735,520466
2019.03.31,0:00,1.49819,1.50601,1.4903,1.50033,443781
2019.04.07,0:00,1.50068,1.50996,1.497,1.50543,384957
2019.04.14,0:00,1.50676,1.51533,1.50011,1.50455,377809
2019.04.21,0:00,1.50474,1.51319,1.49845,1.49928,397616
2019.04.28,0:00,1.49833,1.51095,1.49833,1.50336,455381
2019.05.05,0:00,1.50297,1.518,1.50289,1.50677,543487
2019.05.12,0:00,1.50702,1.51467,1.49943,1.50213,463912
2019.05.19,0:00,1.49994,1.50941,1.49236,1.50591,438380
2019.05.26,0:00,1.50608,1.51226,1.49939,1.50931,453885
2019.06.02,0:00,1.50899,1.51459,1.50188,1.50335,572803
2019.06.09,0:00,1.49906,1.50821,1.4982,1.50329,471664
2019.06.16,0:00,1.50271,1.50831,1.48616,1.50338,576520
2019.06.23,0:00,1.50222,1.50524,1.48622,1.488,513893
2019.06.30,0:00,1.48743,1.48782,1.46693,1.46764,422595
2019.07.07,0:00,1.4649,1.47733,1.46364,1.46821,316557
2019.07.14,0:00,1.4678,1.47104,1.46044,1.46469,333026
2019.07.21,0:00,1.46424,1.47152,1.45742,1.46491,345810
2019.07.28,0:00,1.46438,1.47135,1.45805,1.46601,460985
2019.08.04,0:00,1.46644,1.49943,1.46603,1.47947,596920
2019.08.11,0:00,1.47779,1.49138,1.47125,1.47164,562252
2019.08.18,0:00,1.47098,1.48498,1.4706,1.47959,402974
2019.08.25,0:00,1.48204,1.48578,1.45938,1.46259,463835
2019.09.01,0:00,1.46284,1.46915,1.45125,1.45141,364154
2019.09.08,0:00,1.45241,1.47149,1.44332,1.47057,292911
2019.09.15,0:00,1.47073,1.47085,1.45555,1.46157,310212
2019.09.22,0:00,1.46008,1.46344,1.44703,1.44814,239981
2019.09.29,0:00,1.44778,1.46745,1.4414,1.46043,349560
2019.10.06,0:00,1.46274,1.46894,1.45467,1.45645,360703
2019.10.13,0:00,1.45621,1.46596,1.45317,1.46583,326493
2019.10.20,0:00,1.46565,1.46621,1.44649,1.44694,257596
2019.10.27,0:00,1.44671,1.47198,1.44558,1.46706,285757
2019.11.03,0:00,1.46703,1.46928,1.45435,1.4574,269054
2019.11.10,0:00,1.45721,1.46357,1.45491,1.46111,205038
2019.11.17,0:00,1.46096,1.47716,1.46062,1.46524,199019
2019.11.24,0:00,1.46439,1.46732,1.45873,1.4624,161677
2019.12.01,0:00,1.46303,1.47586,1.45976,1.46584,197545
2019.12.08,0:00,1.46528,1.47433,1.46216,1.46428,227438
2019.12.15,0:00,1.46563,1.47119,1.45614,1.45656,235269
2019.12.22,0:00,1.45601,1.46238,1.45406,1.46175,172071
2019.12.29,0:00,1.46158,1.46516,1.44495,1.45018,172719
2020.01.05,0:00,1.44977,1.45454,1.44591,1.45156,248137
2020.01.12,0:00,1.45071,1.4581,1.4477,1.44926,199711
2020.01.19,0:00,1.44804,1.46137,1.44537,1.44944,201319
2020.01.26,0:00,1.45039,1.46837,1.44795,1.46748,235294
2020.02.02,0:00,1.4679,1.47195,1.45531,1.45608,240851
2020.02.09,0:00,1.45521,1.45835,1.43493,1.43509,199779
2020.02.16,0:00,1.43634,1.43757,1.42631,1.43442,207043
2020.02.23,0:00,1.43433,1.4868,1.43268,1.4775,407370
2020.03.01,0:00,1.48334,1.52447,1.47264,1.51547,468547
2020.03.08,0:00,1.5419,1.58171,1.52854,1.5323,984230
2020.03.15,0:00,1.53783,1.59919,1.52146,1.53288,826141
2020.03.22,0:00,1.53512,1.57921,1.53483,1.55989,650578
2020.03.29,0:00,1.55801,1.57101,1.52138,1.5354,486371
2020.04.05,0:00,1.53758,1.54198,1.51991,1.52572,367839
2020.04.12,0:00,1.52353,1.54118,1.5121,1.5233,347735
2020.04.19,0:00,1.52269,1.54551,1.5114,1.52563,402566
2020.04.26,0:00,1.52452,1.55325,1.50521,1.54652,326447
2020.05.03,0:00,1.54483,1.54935,1.50767,1.50955,306116
2020.05.10,0:00,1.50825,1.52796,1.50663,1.52651,342609
2020.05.17,0:00,1.52379,1.53218,1.51648,1.52656,279517
2020.05.24,0:00,1.52374,1.53849,1.5054,1.52864,333808
2020.05.31,0:00,1.5312,1.53455,1.5055,1.51535,396963
2020.06.07,0:00,1.51457,1.54485,1.50918,1.52953,468388
2020.06.14,0:00,1.52775,1.53932,1.51506,1.52048,442045
2020.06.21,0:00,1.52212,1.53715,1.51948,1.53565,364783
2020.06.28,0:00,1.53298,1.54256,1.5197,1.52314,323564
2020.07.05,0:00,1.52452,1.53979,1.52302,1.53592,347198
2020.07.12,0:00,1.5349,1.55432,1.53411,1.55189,353194
2020.07.19,0:00,1.54801,1.56425,1.53758,1.56328,382018
2020.07.26,0:00,1.5628,1.59776,1.56178,1.57923,443111
2020.08.02,0:00,1.57736,1.5824,1.56827,1.57724,424842
2020.08.09,0:00,1.57806,1.57822,1.55848,1.57068,380156
2020.08.16,0:00,1.56613,1.57537,1.55231,1.55595,369062
2020.08.23,0:00,1.55333,1.56466,1.54683,1.55904,381072
2020.08.30,0:00,1.55868,1.56472,1.54283,1.54604,421931
2020.09.06,0:00,1.54529,1.56582,1.54529,1.56154,377652
2020.09.13,0:00,1.55978,1.5656,1.55262,1.56337,327391
2020.09.20,0:00,1.56297,1.56725,1.55397,1.55676,369181
2020.09.27,0:00,1.55528,1.57384,1.55512,1.55884,337332
2020.10.04,0:00,1.55769,1.56594,1.5502,1.55115,269420
2020.10.11,0:00,1.55103,1.55229,1.53889,1.54597,346622
2020.10.18,0:00,1.54545,1.56036,1.54256,1.55657,258752
2020.10.25,0:00,1.55653,1.56687,1.55003,1.55173,328219
2020.11.01,0:00,1.55004,1.55635,1.5354,1.55082,448941
2020.11.08,0:00,1.54986,1.55763,1.53131,1.55412,474251
2020.11.15,0:00,1.5547,1.55843,1.54633,1.55285,378979
2020.11.22,0:00,1.54972,1.55476,1.5446,1.55362,357507
2020.11.29,0:00,1.55415,1.57111,1.5474,1.54944,431090
2020.12.06,0:00,1.54952,1.55652,1.54029,1.54599,403300
2020.12.13,0:00,1.54739,1.56659,1.54226,1.5663,368991
2020.12.20,0:00,1.56324,1.57856,1.56093,1.56442,284096
2020.12.27,0:00,1.56498,1.5737,1.55453,1.55558,269894
2021.01.03,0:00,1.55629,1.56803,1.55053,1.55127,579771
2021.01.10,0:00,1.5503,1.55908,1.5335,1.53861,412140
2021.01.17,0:00,1.5369,1.55016,1.52684,1.54967,358679
